Node,Id,Label,Cluster
"0114","0114","0114",0
"6115","6115","6115",6
"6935","6935","6935",6
"6991","6991","6991",6
"6935","6935","6935",6
"7868","7868","7868",7
"6935","6935","6935",6
"2879","2879","2879",2
"2711","2711","2711",2
"2472","2472","2472",2
"7732","7732","7732",7
"7849","7849","7849",7
"7732","7732","7732",7
"9710","9710","9710",9
"7732","7732","7732",7
"7369","7369","7369",7
"7732","7732","7732",7
"9410","9410","9410",9
"7732","7732","7732",7
"3345","3345","3345",3
"5826","5826","5826",5
"7768","7768","7768",7
"5826","5826","5826",5
"5137","5137","5137",5
"5826","5826","5826",5
"8431","8431","8431",8
"5826","5826","5826",5
"7764","7764","7764",7
"5826","5826","5826",5
"7763","7763","7763",7
"5826","5826","5826",5
"7524","7524","7524",7
"5826","5826","5826",5
"5829","5829","5829",5
"5826","5826","5826",5
"6716","6716","6716",6
"5241","5241","5241",5
"6516","6516","6516",6
"5241","5241","5241",5
"6652","6652","6652",6
"5241","5241","5241",5
"0371","0371","0371",0
"5241","5241","5241",5
"6583","6583","6583",6
"5241","5241","5241",5
"8124","8124","8124",8
"1123","1123","1123",1
"2879","2879","2879",2
"5148","5148","5148",5
"2890","2890","2890",2
"5148","5148","5148",5
"6130","6130","6130",6
"8933","8933","8933",8
"9410","9410","9410",9
"7139","7139","7139",7
"6991","6991","6991",6
"7139","7139","7139",7
"6210","6210","6210",6
"7139","7139","7139",7
"7919","7919","7919",7
"7139","7139","7139",7
"8939","8939","8939",8
"7139","7139","7139",7
"7212","7212","7212",7
"7139","7139","7139",7
"7132","7132","7132",7
"7139","7139","7139",7
"7428","7428","7428",7
"7139","7139","7139",7
"6289","6289","6289",6
"7139","7139","7139",7
"7831","7831","7831",7
"7139","7139","7139",7
"6672","6672","6672",6
"7139","7139","7139",7
"7849","7849","7849",7
"7139","7139","7139",7
"6632","6632","6632",6
"7139","7139","7139",7
"6637","6637","6637",6
"7139","7139","7139",7
"0142","0142","0142",0
"7139","7139","7139",7
"7821","7821","7821",7
"7139","7139","7139",7
"6623","6623","6623",6
"6747","6747","6747",6
"9110","9110","9110",9
"0561","0561","0561",0
"6553","6553","6553",6
"5838","5838","5838",5
"7423","7423","7423",7
"5838","5838","5838",5
"0371","0371","0371",0
"5838","5838","5838",5
"6591","6591","6591",6
"5838","5838","5838",5
"2114","2114","2114",2
"5838","5838","5838",5
"7246","7246","7246",7
"6954","6954","6954",6
"0565","0565","0565",0
"6954","6954","6954",6
"7493","7493","7493",7
"6954","6954","6954",6
"7452","7452","7452",7
"6954","6954","6954",6
"6940","6940","6940",6
"6954","6954","6954",6
"0711","0711","0711",0
"6954","6954","6954",6
"3342","3342","3342",3
"6954","6954","6954",6
"7281","7281","7281",7
"6954","6954","6954",6
"7373","7373","7373",7
"6954","6954","6954",6
"0741","0741","0741",0
"6954","6954","6954",6
"7369","7369","7369",7
"6954","6954","6954",6
"7413","7413","7413",7
"6954","6954","6954",6
"7429","7429","7429",7
"6954","6954","6954",6
"7439","7439","7439",7
"6954","6954","6954",6
"0751","0751","0751",0
"6954","6954","6954",6
"7269","7269","7269",7
"6954","6954","6954",6
"8429","8429","8429",8
"6954","6954","6954",6
"7267","7267","7267",7
"6954","6954","6954",6
"7246","7246","7246",7
"6954","6954","6954",6
"7372","7372","7372",7
"6954","6954","6954",6
"7368","7368","7368",7
"6954","6954","6954",6
"7284","7284","7284",7
"6954","6954","6954",6
"2919","2919","2919",2
"6954","6954","6954",6
"6832","6832","6832",6
"6954","6954","6954",6
"2116","2116","2116",2
"6954","6954","6954",6
"6572","6572","6572",6
"8745","8745","8745",8
"0012","0012","0012",0
"8745","8745","8745",8
"6113","6113","6113",6
"8745","8745","8745",8
"0611","0611","0611",0
"2712","2712","2712",2
"4249","4249","4249",4
"2712","2712","2712",2
"7938","7938","7938",7
"2712","2712","2712",2
"9000","9000","9000",9
"2712","2712","2712",2
"6665","6665","6665",6
"2712","2712","2712",2
"8991","8991","8991",8
"7132","7132","7132",7
"7429","7429","7429",7
"7132","7132","7132",7
"7428","7428","7428",7
"7132","7132","7132",7
"8441","8441","8441",8
"7132","7132","7132",7
"7832","7832","7832",7
"7132","7132","7132",7
"7783","7783","7783",7
"7132","7132","7132",7
"3343","3343","3343",3
"7132","7132","7132",7
"8732","8732","8732",8
"7132","7132","7132",7
"8744","8744","8744",8
"7132","7132","7132",7
"6637","6637","6637",6
"7132","7132","7132",7
"5836","5836","5836",5
"7132","7132","7132",7
"6832","6832","6832",6
"7132","7132","7132",7
"7849","7849","7849",7
"0344","0344","0344",0
"6658","6658","6658",6
"0344","0344","0344",0
"5414","5414","5414",5
"0344","0344","0344",0
"8822","8822","8822",8
"0344","0344","0344",0
"6994","6994","6994",6
"0344","0344","0344",0
"5145","5145","5145",5
"0344","0344","0344",0
"5829","5829","5829",5
"0344","0344","0344",0
"6832","6832","6832",6
"0344","0344","0344",0
"5839","5839","5839",5
"5622","5622","5622",5
"5629","5629","5629",5
"5622","5622","5622",5
"2320","2320","2320",2
"5981","5981","5981",5
"6811","6811","6811",6
"5981","5981","5981",5
"6672","6672","6672",6
"5981","5981","5981",5
"2517","2517","2517",2
"7422","7422","7422",7
"8939","8939","8939",8
"7422","7422","7422",7
"7188","7188","7188",7
"7422","7422","7422",7
"6418","6418","6418",6
"7422","7422","7422",7
"7449","7449","7449",7
"7422","7422","7422",7
"7283","7283","7283",7
"7422","7422","7422",7
"9410","9410","9410",9
"7422","7422","7422",7
"6953","6953","6953",6
"7422","7422","7422",7
"6996","6996","6996",6
"7422","7422","7422",7
"5837","5837","5837",5
"7422","7422","7422",7
"5335","5335","5335",5
"7422","7422","7422",7
"6633","6633","6633",6
"7422","7422","7422",7
"0711","0711","0711",0
"7422","7422","7422",7
"7442","7442","7442",7
"7422","7422","7422",7
"6577","6577","6577",6
"7422","7422","7422",7
"6424","6424","6424",6
"7422","7422","7422",7
"5334","5334","5334",5
"0901","0901","0901",0
"5620","5620","5620",5
"0901","0901","0901",0
"2911","2911","2911",2
"0901","0901","0901",0
"7931","7931","7931",7
"0901","0901","0901",0
"6535","6535","6535",6
"0901","0901","0901",0
"2875","2875","2875",2
"0901","0901","0901",0
"6344","6344","6344",6
"0901","0901","0901",0
"8211","8211","8211",8
"0901","0901","0901",0
"5417","5417","5417",5
"0901","0901","0901",0
"2820","2820","2820",2
"0901","0901","0901",0
"0251","0251","0251",0
"6575","6575","6575",6
"7421","7421","7421",7
"6575","6575","6575",6
"6581","6581","6581",6
"6575","6575","6575",6
"4241","4241","4241",4
"6575","6575","6575",6
"7521","7521","7521",7
"6831","6831","6831",6
"0752","0752","0752",0
"6831","6831","6831",6
"7731","7731","7731",7
"6831","6831","6831",6
"2665","2665","2665",2
"6831","6831","6831",6
"6354","6354","6354",6
"6831","6831","6831",6
"6534","6534","6534",6
"6831","6831","6831",6
"6643","6643","6643",6
"6831","6831","6831",6
"8459","8459","8459",8
"6831","6831","6831",6
"8431","8431","8431",8
"6831","6831","6831",6
"8472","8472","8472",8
"6831","6831","6831",6
"2872","2872","2872",2
"6831","6831","6831",6
"8439","8439","8439",8
"6831","6831","6831",6
"8434","8434","8434",8
"6831","6831","6831",6
"8442","8442","8442",8
"6921","6921","6921",6
"6973","6973","6973",6
"6921","6921","6921",6
"5542","5542","5542",5
"6921","6921","6921",6
"6417","6417","6417",6
"6921","6921","6921",6
"6911","6911","6911",6
"6921","6921","6921",6
"7449","7449","7449",7
"6921","6921","6921",6
"6351","6351","6351",6
"6921","6921","6921",6
"6428","6428","6428",6
"6921","6921","6921",6
"6924","6924","6924",6
"6921","6921","6921",6
"8932","8932","8932",8
"6921","6921","6921",6
"6785","6785","6785",6
"6921","6921","6921",6
"6996","6996","6996",6
"6921","6921","6921",6
"6618","6618","6618",6
"6921","6921","6921",6
"0730","0730","0730",0
"6921","6921","6921",6
"2235","2235","2235",2
"2771","2771","2771",2
"6973","6973","6973",6
"2771","2771","2771",2
"8122","8122","8122",8
"2771","2771","2771",2
"2732","2732","2732",2
"2771","2771","2771",2
"7752","7752","7752",7
"2771","2771","2771",2
"6783","6783","6783",6
"2771","2771","2771",2
"7932","7932","7932",7
"2450","2450","2450",2
"8219","8219","8219",8
"2450","2450","2450",2
"6359","6359","6359",6
"2450","2450","2450",2
"0118","0118","0118",0
"2450","2450","2450",2
"8822","8822","8822",8
"2450","2450","2450",2
"4111","4111","4111",4
"2450","2450","2450",2
"8211","8211","8211",8
"1211","1211","1211",1
"7439","7439","7439",7
"1211","1211","1211",1
"6863","6863","6863",6
"1211","1211","1211",1
"1212","1212","1212",1
"1211","1211","1211",1
"7415","7415","7415",7
"1211","1211","1211",1
"8996","8996","8996",8
"1211","1211","1211",1
"7919","7919","7919",7
"1211","1211","1211",1
"8743","8743","8743",8
"1211","1211","1211",1
"7491","7491","7491",7
"1211","1211","1211",1
"7722","7722","7722",7
"1211","1211","1211",1
"2652","2652","2652",2
"1211","1211","1211",1
"7169","7169","7169",7
"6259","6259","6259",6
"5982","5982","5982",5
"6259","6259","6259",6
"6252","6252","6252",6
"7721","7721","7721",7
"6841","6841","6841",6
"7721","7721","7721",7
"7849","7849","7849",7
"7721","7721","7721",7
"7723","7723","7723",7
"5831","5831","5831",5
"5834","5834","5834",5
"5831","5831","5831",5
"5832","5832","5832",5
"5831","5831","5831",5
"2682","2682","2682",2
"5831","5831","5831",5
"2235","2235","2235",2
"5922","5922","5922",5
"0224","0224","0224",0
"5922","5922","5922",5
"0230","0230","0230",0
"5922","5922","5922",5
"6812","6812","6812",6
"5139","5139","5139",5
"2876","2876","2876",2
"0574","0574","0574",0
"2714","2714","2714",2
"0574","0574","0574",0
"8972","8972","8972",8
"0574","0574","0574",0
"0575","0575","0575",0
"8822","8822","8822",8
"5332","5332","5332",5
"8822","8822","8822",8
"8441","8441","8441",8
"8822","8822","8822",8
"6641","6641","6641",6
"8822","8822","8822",8
"5827","5827","5827",5
"8822","8822","8822",8
"6821","6821","6821",6
"8822","8822","8822",8
"6115","6115","6115",6
"8822","8822","8822",8
"8432","8432","8432",8
"8822","8822","8822",8
"8424","8424","8424",8
"8822","8822","8822",8
"8744","8744","8744",8
"8822","8822","8822",8
"6612","6612","6612",6
"8822","8822","8822",8
"8421","8421","8421",8
"8822","8822","8822",8
"2879","2879","2879",2
"8822","8822","8822",8
"8973","8973","8973",8
"8922","8922","8922",8
"6428","6428","6428",6
"8922","8922","8922",8
"6553","6553","6553",6
"8922","8922","8922",8
"6424","6424","6424",6
"5914","5914","5914",5
"2879","2879","2879",2
"7441","7441","7441",7
"7234","7234","7234",7
"7441","7441","7441",7
"2632","2632","2632",2
"7441","7441","7441",7
"8442","8442","8442",8
"7441","7441","7441",7
"6419","6419","6419",6
"7441","7441","7441",7
"7442","7442","7442",7
"4314","4314","4314",4
"6118","6118","6118",6
"4314","4314","4314",4
"7239","7239","7239",7
"8941","8941","8941",8
"9410","9410","9410",9
"6597","6597","6597",6
"6749","6749","6749",6
"6597","6597","6597",6
"9310","9310","9310",9
"7267","7267","7267",7
"7493","7493","7493",7
"7267","7267","7267",7
"8748","8748","8748",8
"7267","7267","7267",7
"7234","7234","7234",7
"7267","7267","7267",7
"5989","5989","5989",5
"7267","7267","7267",7
"7452","7452","7452",7
"7267","7267","7267",7
"5836","5836","5836",5
"7267","7267","7267",7
"7263","7263","7263",7
"7267","7267","7267",7
"7436","7436","7436",7
"7267","7267","7267",7
"7741","7741","7741",7
"7267","7267","7267",7
"7429","7429","7429",7
"7267","7267","7267",7
"7439","7439","7439",7
"7267","7267","7267",7
"0611","0611","0611",0
"7267","7267","7267",7
"7213","7213","7213",7
"7267","7267","7267",7
"5163","5163","5163",5
"7267","7267","7267",7
"7269","7269","7269",7
"7267","7267","7267",7
"8429","8429","8429",8
"7267","7267","7267",7
"8744","8744","8744",8
"7267","7267","7267",7
"7368","7368","7368",7
"7267","7267","7267",7
"7284","7284","7284",7
"7267","7267","7267",7
"7423","7423","7423",7
"7267","7267","7267",7
"7416","7416","7416",7
"7267","7267","7267",7
"7412","7412","7412",7
"3352","3352","3352",3
"6545","6545","6545",6
"2320","2320","2320",2
"6744","6744","6744",6
"2320","2320","2320",2
"5542","5542","5542",5
"2320","2320","2320",2
"8731","8731","8731",8
"2320","2320","2320",2
"6733","6733","6733",6
"2320","2320","2320",2
"6731","6731","6731",6
"2320","2320","2320",2
"6911","6911","6911",6
"2320","2320","2320",2
"2820","2820","2820",2
"2320","2320","2320",2
"8830","8830","8830",8
"6651","6651","6651",6
"0019","0019","0019",0
"6651","6651","6651",6
"0583","0583","0583",0
"6651","6651","6651",6
"8211","8211","8211",8
"6651","6651","6651",6
"6671","6671","6671",6
"7149","7149","7149",7
"8451","8451","8451",8
"7149","7149","7149",7
"0914","0914","0914",0
"7622","7622","7622",7
"2631","2631","2631",2
"7622","7622","7622",7
"6842","6842","6842",6
"7622","7622","7622",7
"8946","8946","8946",8
"7622","7622","7622",7
"8994","8994","8994",8
"7622","7622","7622",7
"7628","7628","7628",7
"7622","7622","7622",7
"7512","7512","7512",7
"7622","7622","7622",7
"8811","8811","8811",8
"7622","7622","7622",7
"6931","6931","6931",6
"2872","2872","2872",2
"8424","8424","8424",8
"2872","2872","2872",2
"6998","6998","6998",6
"2872","2872","2872",2
"5413","5413","5413",5
"3414","3414","3414",3
"8452","8452","8452",8
"3414","3414","3414",3
"2929","2929","2929",2
"5155","5155","5155",5
"5621","5621","5621",5
"5155","5155","5155",5
"8219","8219","8219",8
"5155","5155","5155",5
"6359","6359","6359",6
"5155","5155","5155",5
"2927","2927","2927",2
"5155","5155","5155",5
"8122","8122","8122",8
"5155","5155","5155",5
"3344","3344","3344",3
"5155","5155","5155",5
"6666","6666","6666",6
"5155","5155","5155",5
"6353","6353","6353",6
"5155","5155","5155",5
"7521","7521","7521",7
"6999","6999","6999",6
"8451","8451","8451",8
"6999","6999","6999",6
"0546","0546","0546",0
"6999","6999","6999",6
"6514","6514","6514",6
"6999","6999","6999",6
"0149","0149","0149",0
"6999","6999","6999",6
"0589","0589","0589",0
"5417","5417","5417",5
"5530","5530","5530",5
"5417","5417","5417",5
"6996","6996","6996",6
"5417","5417","5417",5
"5334","5334","5334",5
"5417","5417","5417",5
"5543","5543","5543",5
"0585","0585","0585",0
"7928","7928","7928",7
"0585","0585","0585",0
"7138","7138","7138",7
"0585","0585","0585",0
"0589","0589","0589",0
"5913","5913","5913",5
"0721","0721","0721",0
"2690","2690","2690",2
"0721","0721","0721",0
"6113","6113","6113",6
"2714","2714","2714",2
"6113","6113","6113",6
"6114","6114","6114",6
"0129","0129","0129",0
"3354","3354","3354",3
"0129","0129","0129",0
"2225","2225","2225",2
"0129","0129","0129",0
"6521","6521","6521",6
"0129","0129","0129",0
"8462","8462","8462",8
"2671","2671","2671",2
"2114","2114","2114",2
"3510","3510","3510",3
"0711","0711","0711",0
"6997","6997","6997",6
"8939","8939","8939",8
"6997","6997","6997",6
"2117","2117","2117",2
"6997","6997","6997",6
"6635","6635","6635",6
"6997","6997","6997",6
"0611","0611","0611",0
"6997","6997","6997",6
"7369","7369","7369",7
"6997","6997","6997",6
"7449","7449","7449",7
"6997","6997","6997",6
"8212","8212","8212",8
"6997","6997","6997",6
"6785","6785","6785",6
"6997","6997","6997",6
"6424","6424","6424",6
"6997","6997","6997",6
"5335","5335","5335",5
"6997","6997","6997",6
"7868","7868","7868",7
"6997","6997","6997",6
"7259","7259","7259",7
"6997","6997","6997",6
"7849","7849","7849",7
"6997","6997","6997",6
"7919","7919","7919",7
"6997","6997","6997",6
"6210","6210","6210",6
"6997","6997","6997",6
"8935","8935","8935",8
"6997","6997","6997",6
"6998","6998","6998",6
"6997","6997","6997",6
"7169","7169","7169",7
"7758","7758","7758",7
"6973","6973","6973",6
"7758","7758","7758",7
"7929","7929","7929",7
"7758","7758","7758",7
"0814","0814","0814",0
"0548","0548","0548",0
"5841","5841","5841",5
"0548","0548","0548",0
"2784","2784","2784",2
"0548","0548","0548",0
"2741","2741","2741",2
"0548","0548","0548",0
"2120","2120","2120",2
"6415","6415","6415",6
"2631","2631","2631",2
"6415","6415","6415",6
"6413","6413","6413",6
"6415","6415","6415",6
"6412","6412","6412",6
"6415","6415","6415",6
"6951","6951","6951",6
"6415","6415","6415",6
"2518","2518","2518",2
"6415","6415","6415",6
"7919","7919","7919",7
"6642","6642","6642",6
"2472","2472","2472",2
"6642","6642","6642",6
"7492","7492","7492",7
"6635","6635","6635",6
"7188","7188","7188",7
"6635","6635","6635",6
"6343","6343","6343",6
"6635","6635","6635",6
"6911","6911","6911",6
"6635","6635","6635",6
"7449","7449","7449",7
"6635","6635","6635",6
"6115","6115","6115",6
"6635","6635","6635",6
"6424","6424","6424",6
"6635","6635","6635",6
"6673","6673","6673",6
"6635","6635","6635",6
"7211","7211","7211",7
"6635","6635","6635",6
"6785","6785","6785",6
"6635","6635","6635",6
"7868","7868","7868",7
"6635","6635","6635",6
"6996","6996","6996",6
"6635","6635","6635",6
"7861","7861","7861",7
"6635","6635","6635",6
"8212","8212","8212",8
"6635","6635","6635",6
"6422","6422","6422",6
"6635","6635","6635",6
"7169","7169","7169",7
"7435","7435","7435",7
"7452","7452","7452",7
"7435","7435","7435",7
"7423","7423","7423",7
"7435","7435","7435",7
"8462","8462","8462",8
"7751","7751","7751",7
"0711","0711","0711",0
"0571","0571","0571",0
"0572","0572","0572",0
"0571","0571","0571",0
"6872","6872","6872",6
"0571","0571","0571",0
"6359","6359","6359",6
"0571","0571","0571",0
"6674","6674","6674",6
"0571","0571","0571",0
"6649","6649","6649",6
"2111","2111","2111",2
"6960","6960","6960",6
"2111","2111","2111",2
"2112","2112","2112",2
"2111","2111","2111",2
"0742","0742","0742",0
"2111","2111","2111",2
"7621","7621","7621",7
"2111","2111","2111",2
"2667","2667","2667",2
"6122","6122","6122",6
"2231","2231","2231",2
"6515","6515","6515",6
"7239","7239","7239",7
"2231","2231","2231",2
"8932","8932","8932",8
"2231","2231","2231",2
"2734","2734","2734",2
"2231","2231","2231",2
"6725","6725","6725",6
"2231","2231","2231",2
"1213","1213","1213",1
"2231","2231","2231",2
"0484","0484","0484",0
"2231","2231","2231",2
"5721","5721","5721",5
"2231","2231","2231",2
"8424","8424","8424",8
"2231","2231","2231",2
"8812","8812","8812",8
"2231","2231","2231",2
"0730","0730","0730",0
"2231","2231","2231",2
"0612","0612","0612",0
"6727","6727","6727",6
"6744","6744","6744",6
"6727","6727","6727",6
"6749","6749","6749",6
"6727","6727","6727",6
"6746","6746","6746",6
"6727","6727","6727",6
"7521","7521","7521",7
"2225","2225","2225",2
"4311","4311","4311",4
"2225","2225","2225",2
"6572","6572","6572",6
"2225","2225","2225",2
"8974","8974","8974",8
"2225","2225","2225",2
"2471","2471","2471",2
"2225","2225","2225",2
"7211","7211","7211",7
"2225","2225","2225",2
"6579","6579","6579",6
"2225","2225","2225",2
"7921","7921","7921",7
"2225","2225","2225",2
"7361","7361","7361",7
"2225","2225","2225",2
"2517","2517","2517",2
"7252","7252","7252",7
"2783","2783","2783",2
"7252","7252","7252",7
"0711","0711","0711",0
"7252","7252","7252",7
"2481","2481","2481",2
"7252","7252","7252",7
"6596","6596","6596",6
"7252","7252","7252",7
"6841","6841","6841",6
"7252","7252","7252",7
"5221","5221","5221",5
"8429","8429","8429",8
"8472","8472","8472",8
"8429","8429","8429",8
"8452","8452","8452",8
"8429","8429","8429",8
"6584","6584","6584",6
"8429","8429","8429",8
"7263","7263","7263",7
"8429","8429","8429",8
"8431","8431","8431",8
"8429","8429","8429",8
"3415","3415","3415",3
"8429","8429","8429",8
"8433","8433","8433",8
"8429","8429","8429",8
"8421","8421","8421",8
"8429","8429","8429",8
"0121","0121","0121",0
"8429","8429","8429",8
"8423","8423","8423",8
"8429","8429","8429",8
"8996","8996","8996",8
"8429","8429","8429",8
"8442","8442","8442",8
"8429","8429","8429",8
"8435","8435","8435",8
"8429","8429","8429",8
"8451","8451","8451",8
"8429","8429","8429",8
"8441","8441","8441",8
"8429","8429","8429",8
"8439","8439","8439",8
"8429","8429","8429",8
"8465","8465","8465",8
"8429","8429","8429",8
"8459","8459","8459",8
"8429","8429","8429",8
"7131","7131","7131",7
"8429","8429","8429",8
"8432","8432","8432",8
"8429","8429","8429",8
"8424","8424","8424",8
"8429","8429","8429",8
"8463","8463","8463",8
"8429","8429","8429",8
"8462","8462","8462",8
"8429","8429","8429",8
"8434","8434","8434",8
"8429","8429","8429",8
"4234","4234","4234",4
"8429","8429","8429",8
"8443","8443","8443",8
"7239","7239","7239",7
"3353","3353","3353",3
"7239","7239","7239",7
"0721","0721","0721",0
"7239","7239","7239",7
"8952","8952","8952",8
"7239","7239","7239",7
"6624","6624","6624",6
"8983","8983","8983",8
"8744","8744","8744",8
"8983","8983","8983",8
"7528","7528","7528",7
"8983","8983","8983",8
"7522","7522","7522",7
"8983","8983","8983",8
"8959","8959","8959",8
"8983","8983","8983",8
"8423","8423","8423",8
"8983","8983","8983",8
"5836","5836","5836",5
"8983","8983","8983",8
"5989","5989","5989",5
"8983","8983","8983",8
"5332","5332","5332",5
"6343","6343","6343",6
"6912","6912","6912",6
"6343","6343","6343",6
"6416","6416","6416",6
"6343","6343","6343",6
"6351","6351","6351",6
"6343","6343","6343",6
"6611","6611","6611",6
"6343","6343","6343",6
"6349","6349","6349",6
"6343","6343","6343",6
"6672","6672","6672",6
"2516","2516","2516",2
"2512","2512","2512",2
"2516","2516","2516",2
"8973","8973","8973",8
"2919","2919","2919",2
"5157","5157","5157",5
"6353","6353","6353",6
"8219","8219","8219",8
"6353","6353","6353",6
"6359","6359","6359",6
"6353","6353","6353",6
"6416","6416","6416",6
"6353","6353","6353",6
"6342","6342","6342",6
"6353","6353","6353",6
"6341","6341","6341",6
"6353","6353","6353",6
"8211","8211","8211",8
"5335","5335","5335",5
"8939","8939","8939",8
"5335","5335","5335",5
"5822","5822","5822",5
"5335","5335","5335",5
"7234","7234","7234",7
"5335","5335","5335",5
"7868","7868","7868",7
"5335","5335","5335",5
"6632","6632","6632",6
"5335","5335","5335",5
"7283","7283","7283",7
"5335","5335","5335",5
"7492","7492","7492",7
"5335","5335","5335",5
"6546","6546","6546",6
"5335","5335","5335",5
"7436","7436","7436",7
"5335","5335","5335",5
"7219","7219","7219",7
"5335","5335","5335",5
"7449","7449","7449",7
"5335","5335","5335",5
"7212","7212","7212",7
"5335","5335","5335",5
"6577","6577","6577",6
"5335","5335","5335",5
"5334","5334","5334",5
"5335","5335","5335",5
"0611","0611","0611",0
"5335","5335","5335",5
"6418","6418","6418",6
"5335","5335","5335",5
"6424","6424","6424",6
"5335","5335","5335",5
"6953","6953","6953",6
"5335","5335","5335",5
"5837","5837","5837",5
"5335","5335","5335",5
"6996","6996","6996",6
"5335","5335","5335",5
"5419","5419","5419",5
"5335","5335","5335",5
"7413","7413","7413",7
"5335","5335","5335",5
"6992","6992","6992",6
"5335","5335","5335",5
"6210","6210","6210",6
"5335","5335","5335",5
"8121","8121","8121",8
"5335","5335","5335",5
"6991","6991","6991",6
"5335","5335","5335",5
"6572","6572","6572",6
"5335","5335","5335",5
"7259","7259","7259",7
"5335","5335","5335",5
"7442","7442","7442",7
"5335","5335","5335",5
"0142","0142","0142",0
"5335","5335","5335",5
"7368","7368","7368",7
"2786","2786","2786",2
"0721","0721","0721",0
"4243","4243","4243",4
"5231","5231","5231",5
"4243","4243","4243",4
"6746","6746","6746",6
"4243","4243","4243",4
"2879","2879","2879",2
"4243","4243","4243",4
"1124","1124","1124",1
"2518","2518","2518",2
"6413","6413","6413",6
"2518","2518","2518",2
"6553","6553","6553",6
"2518","2518","2518",2
"6411","6411","6411",6
"2518","2518","2518",2
"2517","2517","2517",2
"6852","6852","6852",6
"2731","2731","2731",2
"6852","6852","6852",6
"6521","6521","6521",6
"3231","3231","3231",3
"8973","8973","8973",8
"2471","2471","2471",2
"5323","5323","5323",5
"2471","2471","2471",2
"5912","5912","5912",5
"2471","2471","2471",2
"6613","6613","6613",6
"2471","2471","2471",2
"2666","2666","2666",2
"2471","2471","2471",2
"2482","2482","2482",2
"7428","7428","7428",7
"7429","7429","7429",7
"7428","7428","7428",7
"7493","7493","7493",7
"7428","7428","7428",7
"7849","7849","7849",7
"7428","7428","7428",7
"7492","7492","7492",7
"7428","7428","7428",7
"7783","7783","7783",7
"7428","7428","7428",7
"9410","9410","9410",9
"7428","7428","7428",7
"6579","6579","6579",6
"7428","7428","7428",7
"6637","6637","6637",6
"7428","7428","7428",7
"7413","7413","7413",7
"8211","8211","8211",8
"8219","8219","8219",8
"8211","8211","8211",8
"6359","6359","6359",6
"8211","8211","8211",8
"6421","6421","6421",6
"8211","8211","8211",8
"6973","6973","6973",6
"8211","8211","8211",8
"6911","6911","6911",6
"8211","8211","8211",8
"6351","6351","6351",6
"5842","5842","5842",5
"0542","0542","0542",0
"3342","3342","3342",3
"7223","7223","7223",7
"3342","3342","3342",3
"3341","3341","3341",3
"3342","3342","3342",3
"3344","3344","3344",3
"3342","3342","3342",3
"3343","3343","3343",3
"3342","3342","3342",3
"2654","2654","2654",2
"3342","3342","3342",3
"2613","2613","2613",2
"6354","6354","6354",6
"4233","4233","4233",4
"0141","0141","0141",0
"7112","7112","7112",7
"0141","0141","0141",0
"6770","6770","6770",6
"7373","7373","7373",7
"7493","7493","7493",7
"7373","7373","7373",7
"5821","5821","5821",5
"7373","7373","7373",7
"7369","7369","7369",7
"7373","7373","7373",7
"7281","7281","7281",7
"7373","7373","7373",7
"7234","7234","7234",7
"7373","7373","7373",7
"6418","6418","6418",6
"7373","7373","7373",7
"7368","7368","7368",7
"7373","7373","7373",7
"0372","0372","0372",0
"7373","7373","7373",7
"7849","7849","7849",7
"7373","7373","7373",7
"7442","7442","7442",7
"7373","7373","7373",7
"0360","0360","0360",0
"7373","7373","7373",7
"7259","7259","7259",7
"6289","6289","6289",6
"7919","7919","7919",7
"6289","6289","6289",6
"6210","6210","6210",6
"6289","6289","6289",6
"3345","3345","3345",3
"6289","6289","6289",6
"7849","7849","7849",7
"6760","6760","6760",6
"7919","7919","7919",7
"6760","6760","6760",6
"7372","7372","7372",7
"6760","6760","6760",6
"7129","7129","7129",7
"6760","6760","6760",6
"6745","6745","6745",6
"6760","6760","6760",6
"1212","1212","1212",1
"6673","6673","6673",6
"6546","6546","6546",6
"6673","6673","6673",6
"6633","6633","6633",6
"2733","2733","2733",2
"2235","2235","2235",2
"6512","6512","6512",6
"2686","2686","2686",2
"6512","6512","6512",6
"8821","8821","8821",8
"2238","2238","2238",2
"7521","7521","7521",7
"7638","7638","7638",7
"8811","8811","8811",8
"7638","7638","7638",7
"8982","8982","8982",8
"7638","7638","7638",7
"0583","0583","0583",0
"7638","7638","7638",7
"7628","7628","7628",7
"7638","7638","7638",7
"7631","7631","7631",7
"7638","7638","7638",7
"7642","7642","7642",7
"7638","7638","7638",7
"0240","0240","0240",0
"7638","7638","7638",7
"8482","8482","8482",8
"7638","7638","7638",7
"7763","7763","7763",7
"7638","7638","7638",7
"7512","7512","7512",7
"7638","7638","7638",7
"7621","7621","7621",7
"7638","7638","7638",7
"7524","7524","7524",7
"7638","7638","7638",7
"7525","7525","7525",7
"7638","7638","7638",7
"7722","7722","7722",7
"5821","5821","5821",5
"7442","7442","7442",7
"5821","5821","5821",5
"0615","0615","0615",0
"5821","5821","5821",5
"6632","6632","6632",6
"5821","5821","5821",5
"8443","8443","8443",8
"4311","4311","4311",4
"7212","7212","7212",7
"4311","4311","4311",4
"7868","7868","7868",7
"5835","5835","5835",5
"2924","2924","2924",2
"5835","5835","5835",5
"6861","6861","6861",6
"8710","8710","8710",8
"2472","2472","2472",2
"8710","8710","8710",8
"7763","7763","7763",7
"8710","8710","8710",8
"7722","7722","7722",7
"8710","8710","8710",8
"7768","7768","7768",7
"7929","7929","7929",7
"8451","8451","8451",8
"7929","7929","7929",7
"0350","0350","0350",0
"7929","7929","7929",7
"6517","6517","6517",6
"7929","7929","7929",7
"6116","6116","6116",6
"7929","7929","7929",7
"8441","8441","8441",8
"7929","7929","7929",7
"8433","8433","8433",8
"7929","7929","7929",7
"6536","6536","6536",6
"7929","7929","7929",7
"7928","7928","7928",7
"7929","7929","7929",7
"7711","7711","7711",7
"7929","7929","7929",7
"2785","2785","2785",2
"6951","6951","6951",6
"0459","0459","0459",0
"6951","6951","6951",6
"5239","5239","5239",5
"5621","5621","5621",5
"5225","5225","5225",5
"5621","5621","5621",5
"8732","8732","8732",8
"2881","2881","2881",2
"8471","8471","8471",8
"2686","2686","2686",2
"2687","2687","2687",2
"2686","2686","2686",2
"0721","0721","0721",0
"6252","6252","6252",6
"6251","6251","6251",6
"6252","6252","6252",6
"2713","2713","2713",2
"6252","6252","6252",6
"6638","6638","6638",6
"2816","2816","2816",2
"2815","2815","2815",2
"2816","2816","2816",2
"8960","8960","8960",8
"7421","7421","7421",7
"7284","7284","7284",7
"8998","8998","8998",8
"2925","2925","2925",2
"6572","6572","6572",6
"6932","6932","6932",6
"6572","6572","6572",6
"5823","5823","5823",5
"2683","2683","2683",2
"8122","8122","8122",8
"6664","6664","6664",6
"9110","9110","9110",9
"2876","2876","2876",2
"6785","6785","6785",6
"2876","2876","2876",2
"6611","6611","6611",6
"2876","2876","2876",2
"0980","0980","0980",0
"0440","0440","0440",0
"2926","2926","2926",2
"2772","2772","2772",2
"0611","0611","0611",0
"6612","6612","6612",6
"8422","8422","8422",8
"7919","7919","7919",7
"6632","6632","6632",6
"7919","7919","7919",7
"7868","7868","7868",7
"7919","7919","7919",7
"8935","8935","8935",8
"7919","7919","7919",7
"7449","7449","7449",7
"7919","7919","7919",7
"7119","7119","7119",7
"7919","7919","7919",7
"6546","6546","6546",6
"7919","7919","7919",7
"7369","7369","7369",7
"7919","7919","7919",7
"7849","7849","7849",7
"7919","7919","7919",7
"6782","6782","6782",6
"7919","7919","7919",7
"6793","6793","6793",6
"7919","7919","7919",7
"6418","6418","6418",6
"7919","7919","7919",7
"7915","7915","7915",7
"7919","7919","7919",7
"6424","6424","6424",6
"7919","7919","7919",7
"7371","7371","7371",7
"7919","7919","7919",7
"6210","6210","6210",6
"7919","7919","7919",7
"6991","6991","6991",6
"7919","7919","7919",7
"6745","6745","6745",6
"7919","7919","7919",7
"6785","6785","6785",6
"7919","7919","7919",7
"0142","0142","0142",0
"5169","5169","5169",5
"5416","5416","5416",5
"5169","5169","5169",5
"2117","2117","2117",2
"5169","5169","5169",5
"5419","5419","5419",5
"5169","5169","5169",5
"3232","3232","3232",3
"5169","5169","5169",5
"7741","7741","7741",7
"0111","0111","0111",0
"6553","6553","6553",6
"7922","7922","7922",7
"3341","3341","3341",3
"2666","2666","2666",2
"2667","2667","2667",2
"7452","7452","7452",7
"7429","7429","7429",7
"7452","7452","7452",7
"7416","7416","7416",7
"7452","7452","7452",7
"7412","7412","7412",7
"7452","7452","7452",7
"7436","7436","7436",7
"7452","7452","7452",7
"7219","7219","7219",7
"7452","7452","7452",7
"6899","6899","6899",6
"7452","7452","7452",7
"8435","8435","8435",8
"7452","7452","7452",7
"7269","7269","7269",7
"7452","7452","7452",7
"7423","7423","7423",7
"7452","7452","7452",7
"7368","7368","7368",7
"7187","7187","7187",7
"0615","0615","0615",0
"8952","8952","8952",8
"6254","6254","6254",6
"8952","8952","8952",8
"6532","6532","6532",6
"0481","0481","0481",0
"8481","8481","8481",8
"6993","6993","6993",6
"0572","0572","0572",0
"6993","6993","6993",6
"8989","8989","8989",8
"6993","6993","6993",6
"4236","4236","4236",4
"6993","6993","6993",6
"2631","2631","2631",2
"8928","8928","8928",8
"3330","3330","3330",3
"7263","7263","7263",7
"5163","5163","5163",5
"7263","7263","7263",7
"7423","7423","7423",7
"7263","7263","7263",7
"6581","6581","6581",6
"7263","7263","7263",7
"8435","8435","8435",8
"8959","8959","8959",8
"5332","5332","5332",5
"8959","8959","8959",8
"0611","0611","0611",0
"6534","6534","6534",6
"6516","6516","6516",6
"6534","6534","6534",6
"6536","6536","6536",6
"6534","6534","6534",6
"6531","6531","6531",6
"6534","6534","6534",6
"7148","7148","7148",7
"6534","6534","6534",6
"6560","6560","6560",6
"6639","6639","6639",6
"2117","2117","2117",2
"7631","7631","7631",7
"8811","8811","8811",8
"7631","7631","7631",7
"6841","6841","6841",6
"7631","7631","7631",7
"7722","7722","7722",7
"6542","6542","6542",6
"0721","0721","0721",0
"5146","5146","5146",5
"2223","2223","2223",2
"6411","6411","6411",6
"5114","5114","5114",5
"6411","6411","6411",6
"8960","8960","8960",8
"6411","6411","6411",6
"2631","2631","2631",2
"5223","5223","5223",5
"0341","0341","0341",0
"7722","7722","7722",7
"7768","7768","7768",7
"7722","7722","7722",7
"7764","7764","7764",7
"7722","7722","7722",7
"7599","7599","7599",7
"7722","7722","7722",7
"7642","7642","7642",7
"7722","7722","7722",7
"7763","7763","7763",7
"7722","7722","7722",7
"8811","8811","8811",8
"7722","7722","7722",7
"7525","7525","7525",7
"7722","7722","7722",7
"8851","8851","8851",8
"6812","6812","6812",6
"8939","8939","8939",8
"6812","6812","6812",6
"2631","2631","2631",2
"6812","6812","6812",6
"0542","0542","0542",0
"6812","6812","6812",6
"0224","0224","0224",0
"6812","6812","6812",6
"8439","8439","8439",8
"6812","6812","6812",6
"6584","6584","6584",6
"6812","6812","6812",6
"6251","6251","6251",6
"6812","6812","6812",6
"0619","0619","0619",0
"0811","0811","0811",0
"8472","8472","8472",8
"6114","6114","6114",6
"8744","8744","8744",8
"5331","5331","5331",5
"8441","8441","8441",8
"2782","2782","2782",2
"7524","7524","7524",7
"2116","2116","2116",2
"8947","8947","8947",8
"2116","2116","2116",2
"8994","8994","8994",8
"2116","2116","2116",2
"6978","6978","6978",6
"2116","2116","2116",2
"8482","8482","8482",8
"2116","2116","2116",2
"8989","8989","8989",8
"2116","2116","2116",2
"7723","7723","7723",7
"8439","8439","8439",8
"8452","8452","8452",8
"8439","8439","8439",8
"5841","5841","5841",5
"8439","8439","8439",8
"8431","8431","8431",8
"8439","8439","8439",8
"8472","8472","8472",8
"8439","8439","8439",8
"8433","8433","8433",8
"8439","8439","8439",8
"8421","8421","8421",8
"8439","8439","8439",8
"8423","8423","8423",8
"8439","8439","8439",8
"8462","8462","8462",8
"8439","8439","8439",8
"5416","5416","5416",5
"8439","8439","8439",8
"8442","8442","8442",8
"8439","8439","8439",8
"8435","8435","8435",8
"8439","8439","8439",8
"8451","8451","8451",8
"8439","8439","8439",8
"8441","8441","8441",8
"8439","8439","8439",8
"8465","8465","8465",8
"8439","8439","8439",8
"8459","8459","8459",8
"8439","8439","8439",8
"8432","8432","8432",8
"8439","8439","8439",8
"8424","8424","8424",8
"8439","8439","8439",8
"8463","8463","8463",8
"8439","8439","8439",8
"8434","8434","8434",8
"8439","8439","8439",8
"8443","8443","8443",8
"7244","7244","7244",7
"0350","0350","0350",0
"7244","7244","7244",7
"7367","7367","7367",7
"7524","7524","7524",7
"7768","7768","7768",7
"7524","7524","7524",7
"7764","7764","7764",7
"7524","7524","7524",7
"7599","7599","7599",7
"7524","7524","7524",7
"7522","7522","7522",7
"7524","7524","7524",7
"7763","7763","7763",7
"7524","7524","7524",7
"6584","6584","6584",6
"7524","7524","7524",7
"7525","7525","7525",7
"2871","2871","2871",2
"5162","5162","5162",5
"2871","2871","2871",2
"9510","9510","9510",9
"2871","2871","2871",2
"8212","8212","8212",8
"2235","2235","2235",2
"0460","0460","0460",0
"2235","2235","2235",2
"6417","6417","6417",6
"2235","2235","2235",2
"6413","6413","6413",6
"2235","2235","2235",2
"6342","6342","6342",6
"2235","2235","2235",2
"2882","2882","2882",2
"2235","2235","2235",2
"0819","0819","0819",0
"7781","7781","7781",7
"0343","0343","0343",0
"7781","7781","7781",7
"0611","0611","0611",0
"0572","0572","0572",0
"8484","8484","8484",8
"0572","0572","0572",0
"7243","7243","7243",7
"7742","7742","7742",7
"8748","8748","8748",8
"7742","7742","7742",7
"8422","8422","8422",8
"7742","7742","7742",7
"7284","7284","7284",7
"7742","7742","7742",7
"5163","5163","5163",5
"7742","7742","7742",7
"7138","7138","7138",7
"7742","7742","7742",7
"5332","5332","5332",5
"7284","7284","7284",7
"2924","2924","2924",2
"7284","7284","7284",7
"7451","7451","7451",7
"7284","7284","7284",7
"2472","2472","2472",2
"7284","7284","7284",7
"7251","7251","7251",7
"7284","7284","7284",7
"7412","7412","7412",7
"0224","0224","0224",0
"0240","0240","0240",0
"0224","0224","0224",0
"0230","0230","0230",0
"0224","0224","0224",0
"6531","6531","6531",6
"8432","8432","8432",8
"8451","8451","8451",8
"8432","8432","8432",8
"7643","7643","7643",7
"8432","8432","8432",8
"8472","8472","8472",8
"8432","8432","8432",8
"8749","8749","8749",8
"8432","8432","8432",8
"8441","8441","8441",8
"8432","8432","8432",8
"8510","8510","8510",8
"8432","8432","8432",8
"8452","8452","8452",8
"8432","8432","8432",8
"8422","8422","8422",8
"8432","8432","8432",8
"8433","8433","8433",8
"8432","8432","8432",8
"8421","8421","8421",8
"8432","8432","8432",8
"8424","8424","8424",8
"8432","8432","8432",8
"8463","8463","8463",8
"8432","8432","8432",8
"6584","6584","6584",6
"8432","8432","8432",8
"8434","8434","8434",8
"8432","8432","8432",8
"8442","8442","8442",8
"8432","8432","8432",8
"8431","8431","8431",8
"8432","8432","8432",8
"8435","8435","8435",8
"8424","8424","8424",8
"8452","8452","8452",8
"8424","8424","8424",8
"6584","6584","6584",6
"8424","8424","8424",8
"2234","2234","2234",2
"8424","8424","8424",8
"7523","7523","7523",7
"8424","8424","8424",8
"8463","8463","8463",8
"8424","8424","8424",8
"8431","8431","8431",8
"8424","8424","8424",8
"8472","8472","8472",8
"8424","8424","8424",8
"8433","8433","8433",8
"8424","8424","8424",8
"8421","8421","8421",8
"8424","8424","8424",8
"8423","8423","8423",8
"8424","8424","8424",8
"8462","8462","8462",8
"8424","8424","8424",8
"8435","8435","8435",8
"8424","8424","8424",8
"8451","8451","8451",8
"8424","8424","8424",8
"8441","8441","8441",8
"8424","8424","8424",8
"7522","7522","7522",7
"8424","8424","8424",8
"8465","8465","8465",8
"8424","8424","8424",8
"8459","8459","8459",8
"8424","8424","8424",8
"8422","8422","8422",8
"8424","8424","8424",8
"7832","7832","7832",7
"8424","8424","8424",8
"8434","8434","8434",8
"0544","0544","0544",0
"2483","2483","2483",2
"6536","6536","6536",6
"6516","6516","6516",6
"6536","6536","6536",6
"6538","6538","6538",6
"6536","6536","6536",6
"6531","6531","6531",6
"6536","6536","6536",6
"6573","6573","6573",6
"6536","6536","6536",6
"6532","6532","6532",6
"2112","2112","2112",2
"2440","2440","2440",2
"2112","2112","2112",2
"2820","2820","2820",2
"2112","2112","2112",2
"6330","6330","6330",6
"7259","7259","7259",7
"7493","7493","7493",7
"7259","7259","7259",7
"7842","7842","7842",7
"7259","7259","7259",7
"7212","7212","7212",7
"7259","7259","7259",7
"7234","7234","7234",7
"7259","7259","7259",7
"8442","8442","8442",8
"7259","7259","7259",7
"7412","7412","7412",7
"8471","8471","8471",8
"3330","3330","3330",3
"8471","8471","8471",8
"7821","7821","7821",7
"6516","6516","6516",6
"6531","6531","6531",6
"6516","6516","6516",6
"6522","6522","6522",6
"6516","6516","6516",6
"6560","6560","6560",6
"6516","6516","6516",6
"7711","7711","7711",7
"0721","0721","0721",0
"3351","3351","3351",3
"0721","0721","0721",0
"6121","6121","6121",6
"0721","0721","0721",0
"5224","5224","5224",5
"0721","0721","0721",0
"5222","5222","5222",5
"0721","0721","0721",0
"6851","6851","6851",6
"0721","0721","0721",0
"0421","0421","0421",0
"0721","0721","0721",0
"7271","7271","7271",7
"0721","0721","0721",0
"5722","5722","5722",5
"0721","0721","0721",0
"5233","5233","5233",5
"0721","0721","0721",0
"2687","2687","2687",2
"0721","0721","0721",0
"5311","5311","5311",5
"0721","0721","0721",0
"6638","6638","6638",6
"0721","0721","0721",0
"2874","2874","2874",2
"0721","0721","0721",0
"8931","8931","8931",8
"7853","7853","7853",7
"6254","6254","6254",6
"7853","7853","7853",7
"2631","2631","2631",2
"2222","2222","2222",2
"8459","8459","8459",8
"2222","2222","2222",2
"6770","6770","6770",6
"2222","2222","2222",2
"8462","8462","8462",8
"3221","3221","3221",3
"8973","8973","8973",8
"8481","8481","8481",8
"6253","6253","6253",6
"8481","8481","8481",8
"2460","2460","2460",2
"8481","8481","8481",8
"6560","6560","6560",6
"5841","5841","5841",5
"8423","8423","8423",8
"7912","7912","7912",7
"0611","0611","0611",0
"0015","0015","0015",0
"6522","6522","6522",6
"0015","0015","0015",0
"0711","0711","0711",0
"6716","6716","6716",6
"0913","0913","0913",0
"8748","8748","8748",8
"8744","8744","8744",8
"8748","8748","8748",8
"8742","8742","8742",8
"8748","8748","8748",8
"5827","5827","5827",5
"8748","8748","8748",8
"5163","5163","5163",5
"8748","8748","8748",8
"7138","7138","7138",7
"8748","8748","8748",8
"0615","0615","0615",0
"8748","8748","8748",8
"5332","5332","5332",5
"2924","2924","2924",2
"3415","3415","3415",3
"2924","2924","2924",2
"7783","7783","7783",7
"2924","2924","2924",2
"6880","6880","6880",6
"2924","2924","2924",2
"5836","5836","5836",5
"2924","2924","2924",2
"7451","7451","7451",7
"2924","2924","2924",2
"6253","6253","6253",6
"2924","2924","2924",2
"7412","7412","7412",7
"5834","5834","5834",5
"2860","2860","2860",2
"2789","2789","2789",2
"7764","7764","7764",7
"2789","2789","2789",2
"5843","5843","5843",5
"7411","7411","7411",7
"0711","0711","0711",0
"2633","2633","2633",2
"6553","6553","6553",6
"2633","2633","2633",2
"6513","6513","6513",6
"7413","7413","7413",7
"7429","7429","7429",7
"7413","7413","7413",7
"6991","6991","6991",6
"7413","7413","7413",7
"7439","7439","7439",7
"7413","7413","7413",7
"7492","7492","7492",7
"7413","7413","7413",7
"7372","7372","7372",7
"7413","7413","7413",7
"7212","7212","7212",7
"7413","7413","7413",7
"7783","7783","7783",7
"7413","7413","7413",7
"7368","7368","7368",7
"7413","7413","7413",7
"7224","7224","7224",7
"7413","7413","7413",7
"6940","6940","6940",6
"7413","7413","7413",7
"0711","0711","0711",0
"7413","7413","7413",7
"6632","6632","6632",6
"7413","7413","7413",7
"6637","6637","6637",6
"7413","7413","7413",7
"8939","8939","8939",8
"7413","7413","7413",7
"7493","7493","7493",7
"7413","7413","7413",7
"7369","7369","7369",7
"5111","5111","5111",5
"8994","8994","8994",8
"6793","6793","6793",6
"6553","6553","6553",6
"6793","6793","6793",6
"7849","7849","7849",7
"6793","6793","6793",6
"6998","6998","6998",6
"0115","0115","0115",0
"4113","4113","4113",4
"0115","0115","0115",0
"0116","0116","0116",0
"0115","0115","0115",0
"6513","6513","6513",6
"7439","7439","7439",7
"7429","7429","7429",7
"7439","7439","7439",7
"7372","7372","7372",7
"7439","7439","7439",7
"7188","7188","7188",7
"7439","7439","7439",7
"7492","7492","7492",7
"7439","7439","7439",7
"8939","8939","8939",8
"7439","7439","7439",7
"7436","7436","7436",7
"7439","7439","7439",7
"7368","7368","7368",7
"7439","7439","7439",7
"7868","7868","7868",7
"7439","7439","7439",7
"7369","7369","7369",7
"7439","7439","7439",7
"7269","7269","7269",7
"7439","7439","7439",7
"7416","7416","7416",7
"7915","7915","7915",7
"8442","8442","8442",8
"7915","7915","7915",7
"2634","2634","2634",2
"6424","6424","6424",6
"6632","6632","6632",6
"6424","6424","6424",6
"8935","8935","8935",8
"6424","6424","6424",6
"7283","7283","7283",7
"6424","6424","6424",6
"6417","6417","6417",6
"6424","6424","6424",6
"6546","6546","6546",6
"6424","6424","6424",6
"7449","7449","7449",7
"6424","6424","6424",6
"6611","6611","6611",6
"6424","6424","6424",6
"5334","5334","5334",5
"6424","6424","6424",6
"0611","0611","0611",0
"6424","6424","6424",6
"6418","6418","6418",6
"6424","6424","6424",6
"7188","7188","7188",7
"6424","6424","6424",6
"6953","6953","6953",6
"6424","6424","6424",6
"6996","6996","6996",6
"6424","6424","6424",6
"6210","6210","6210",6
"6424","6424","6424",6
"6428","6428","6428",6
"6424","6424","6424",6
"7414","7414","7414",7
"6424","6424","6424",6
"6785","6785","6785",6
"5852","5852","5852",5
"0723","0723","0723",0
"5825","5825","5825",5
"0615","0615","0615",0
"7126","7126","7126",7
"0711","0711","0711",0
"6210","6210","6210",6
"8935","8935","8935",8
"6210","6210","6210",6
"7849","7849","7849",7
"6210","6210","6210",6
"5822","5822","5822",5
"6210","6210","6210",6
"7449","7449","7449",7
"6210","6210","6210",6
"6611","6611","6611",6
"6210","6210","6210",6
"6571","6571","6571",6
"6210","6210","6210",6
"6546","6546","6546",6
"6210","6210","6210",6
"7868","7868","7868",7
"6210","6210","6210",6
"6633","6633","6633",6
"6210","6210","6210",6
"0711","0711","0711",0
"6210","6210","6210",6
"6996","6996","6996",6
"6210","6210","6210",6
"6998","6998","6998",6
"6210","6210","6210",6
"6623","6623","6623",6
"6210","6210","6210",6
"6785","6785","6785",6
"6210","6210","6210",6
"6638","6638","6638",6
"5839","5839","5839",5
"7234","7234","7234",7
"5839","5839","5839",5
"6631","6631","6631",6
"5839","5839","5839",5
"7741","7741","7741",7
"5839","5839","5839",5
"5823","5823","5823",5
"8744","8744","8744",8
"7429","7429","7429",7
"8744","8744","8744",8
"5415","5415","5415",5
"8744","8744","8744",8
"5163","5163","5163",5
"8744","8744","8744",8
"7522","7522","7522",7
"8744","8744","8744",8
"7423","7423","7423",7
"8744","8744","8744",8
"5989","5989","5989",5
"8744","8744","8744",8
"8435","8435","8435",8
"7649","7649","7649",7
"7788","7788","7788",7
"7649","7649","7649",7
"7641","7641","7641",7
"7649","7649","7649",7
"2117","2117","2117",2
"7649","7649","7649",7
"7599","7599","7599",7
"7649","7649","7649",7
"7642","7642","7642",7
"5982","5982","5982",5
"0118","0118","0118",0
"5982","5982","5982",5
"0586","0586","0586",0
"5982","5982","5982",5
"5824","5824","5824",5
"5982","5982","5982",5
"0371","0371","0371",0
"5982","5982","5982",5
"0360","0360","0360",0
"0014","0014","0014",0
"6115","6115","6115",6
"7414","7414","7414",7
"8939","8939","8939",8
"7414","7414","7414",7
"6996","6996","6996",6
"7414","7414","7414",7
"0741","0741","0741",0
"7414","7414","7414",7
"6953","6953","6953",6
"2713","2713","2713",2
"7611","7611","7611",7
"2713","2713","2713",2
"6281","6281","6281",6
"2713","2713","2713",2
"6924","6924","6924",6
"2713","2713","2713",2
"6532","6532","6532",6
"2713","2713","2713",2
"4312","4312","4312",4
"2882","2882","2882",2
"7851","7851","7851",7
"2882","2882","2882",2
"8942","8942","8942",8
"2882","2882","2882",2
"2640","2640","2640",2
"2882","2882","2882",2
"6871","6871","6871",6
"2882","2882","2882",2
"6553","6553","6553",6
"2882","2882","2882",2
"5723","5723","5723",5
"2882","2882","2882",2
"2820","2820","2820",2
"2882","2882","2882",2
"5620","5620","5620",5
"2923","2923","2923",2
"8741","8741","8741",8
"6560","6560","6560",6
"6522","6522","6522",6
"6560","6560","6560",6
"5623","5623","5623",5
"6560","6560","6560",6
"8947","8947","8947",8
"0812","0812","0812",0
"5723","5723","5723",5
"6783","6783","6783",6
"6911","6911","6911",6
"6783","6783","6783",6
"6428","6428","6428",6
"2652","2652","2652",2
"2119","2119","2119",2
"6576","6576","6576",6
"2117","2117","2117",2
"0565","0565","0565",0
"7144","7144","7144",7
"0565","0565","0565",0
"0546","0546","0546",0
"8939","8939","8939",8
"7212","7212","7212",7
"8939","8939","8939",8
"6632","6632","6632",6
"8939","8939","8939",8
"7247","7247","7247",7
"8939","8939","8939",8
"7868","7868","7868",7
"8939","8939","8939",8
"8935","8935","8935",8
"8939","8939","8939",8
"6573","6573","6573",6
"8939","8939","8939",8
"7492","7492","7492",7
"8939","8939","8939",8
"6953","6953","6953",6
"8939","8939","8939",8
"6633","6633","6633",6
"8939","8939","8939",8
"7269","7269","7269",7
"8939","8939","8939",8
"6992","6992","6992",6
"8939","8939","8939",8
"6991","6991","6991",6
"8939","8939","8939",8
"7368","7368","7368",7
"8939","8939","8939",8
"6785","6785","6785",6
"8939","8939","8939",8
"0142","0142","0142",0
"5832","5832","5832",5
"5620","5620","5620",5
"2742","2742","2742",2
"0341","0341","0341",0
"5414","5414","5414",5
"6648","6648","6648",6
"0579","0579","0579",0
"0019","0019","0019",0
"0579","0579","0579",0
"7928","7928","7928",7
"0579","0579","0579",0
"0545","0545","0545",0
"7431","7431","7431",7
"7493","7493","7493",7
"7431","7431","7431",7
"2879","2879","2879",2
"6532","6532","6532",6
"6531","6531","6531",6
"2119","2119","2119",2
"6593","6593","6593",6
"6618","6618","6618",6
"9110","9110","9110",9
"6618","6618","6618",6
"7763","7763","7763",7
"6645","6645","6645",6
"2879","2879","2879",2
"7436","7436","7436",7
"7492","7492","7492",7
"7436","7436","7436",7
"7219","7219","7219",7
"7436","7436","7436",7
"7269","7269","7269",7
"7436","7436","7436",7
"8442","8442","8442",8
"7449","7449","7449",7
"6911","6911","6911",6
"7449","7449","7449",7
"7868","7868","7868",7
"7449","7449","7449",7
"7442","7442","7442",7
"7449","7449","7449",7
"7169","7169","7169",7
"7449","7449","7449",7
"7188","7188","7188",7
"7449","7449","7449",7
"7119","7119","7119",7
"7449","7449","7449",7
"6546","6546","6546",6
"7449","7449","7449",7
"8212","8212","8212",8
"7449","7449","7449",7
"0611","0611","0611",0
"7449","7449","7449",7
"7283","7283","7283",7
"7449","7449","7449",7
"8932","8932","8932",8
"7449","7449","7449",7
"7211","7211","7211",7
"7449","7449","7449",7
"6996","6996","6996",6
"7449","7449","7449",7
"6428","6428","6428",6
"7449","7449","7449",7
"6745","6745","6745",6
"7449","7449","7449",7
"6785","6785","6785",6
"7449","7449","7449",7
"7861","7861","7861",7
"6611","6611","6611",6
"6351","6351","6351",6
"6611","6611","6611",6
"8932","8932","8932",8
"8991","8991","8991",8
"2223","2223","2223",2
"7831","7831","7831",7
"7821","7821","7821",7
"7831","7831","7831",7
"6672","6672","6672",6
"7831","7831","7831",7
"7810","7810","7810",7
"7831","7831","7831",7
"7849","7849","7849",7
"6794","6794","6794",6
"6973","6973","6973",6
"6794","6794","6794",6
"6911","6911","6911",6
"6794","6794","6794",6
"6652","6652","6652",6
"6794","6794","6794",6
"6785","6785","6785",6
"6794","6794","6794",6
"6253","6253","6253",6
"6794","6794","6794",6
"6422","6422","6422",6
"6794","6794","6794",6
"8212","8212","8212",8
"7621","7621","7621",7
"8811","8811","8811",8
"7621","7621","7621",7
"7525","7525","7525",7
"0616","0616","0616",0
"5157","5157","5157",5
"7761","7761","7761",7
"0611","0611","0611",0
"5154","5154","5154",5
"5123","5123","5123",5
"5154","5154","5154",5
"5836","5836","5836",5
"5154","5154","5154",5
"9410","9410","9410",9
"5154","5154","5154",5
"5163","5163","5163",5
"6973","6973","6973",6
"6911","6911","6911",6
"6973","6973","6973",6
"8932","8932","8932",8
"6973","6973","6973",6
"7752","7752","7752",7
"6973","6973","6973",6
"8212","8212","8212",8
"7144","7144","7144",7
"2482","2482","2482",2
"7144","7144","7144",7
"4313","4313","4313",4
"8947","8947","8947",8
"8484","8484","8484",8
"2911","2911","2911",2
"7268","7268","7268",7
"2911","2911","2911",2
"8742","8742","8742",8
"2911","2911","2911",2
"5843","5843","5843",5
"5912","5912","5912",5
"5323","5323","5323",5
"6593","6593","6593",6
"6592","6592","6592",6
"2614","2614","2614",2
"5629","5629","5629",5
"0482","0482","0482",0
"0752","0752","0752",0
"6994","6994","6994",6
"6991","6991","6991",6
"6994","6994","6994",6
"8743","8743","8743",8
"6994","6994","6994",6
"7783","7783","7783",7
"6633","6633","6633",6
"6991","6991","6991",6
"6633","6633","6633",6
"0142","0142","0142",0
"6633","6633","6633",6
"6953","6953","6953",6
"6633","6633","6633",6
"6785","6785","6785",6
"6633","6633","6633",6
"7868","7868","7868",7
"6633","6633","6633",6
"8935","8935","8935",8
"6623","6623","6623",6
"6637","6637","6637",6
"6623","6623","6623",6
"8121","8121","8121",8
"6623","6623","6623",6
"9410","9410","9410",9
"0422","0422","0422",0
"6351","6351","6351",6
"0422","0422","0422",0
"0421","0421","0421",0
"2815","2815","2815",2
"7162","7162","7162",7
"6541","6541","6541",6
"5225","5225","5225",5
"6541","6541","6541",6
"6644","6644","6644",6
"6541","6541","6541",6
"6416","6416","6416",6
"6594","6594","6594",6
"9110","9110","9110",9
"7211","7211","7211",7
"7188","7188","7188",7
"7211","7211","7211",7
"6351","6351","6351",6
"7211","7211","7211",7
"6911","6911","6911",6
"7211","7211","7211",7
"6647","6647","6647",6
"7211","7211","7211",7
"7868","7868","7868",7
"7211","7211","7211",7
"6672","6672","6672",6
"7211","7211","7211",7
"8212","8212","8212",8
"8510","8510","8510",8
"6123","6123","6123",6
"8510","8510","8510",8
"2631","2631","2631",2
"8510","8510","8510",8
"8431","8431","8431",8
"8510","8510","8510",8
"8434","8434","8434",8
"8510","8510","8510",8
"8421","8421","8421",8
"8982","8982","8982",8
"2879","2879","2879",2
"0011","0011","0011",0
"0741","0741","0741",0
"2440","2440","2440",2
"6912","6912","6912",6
"2440","2440","2440",2
"6519","6519","6519",6
"2440","2440","2440",2
"6521","6521","6521",6
"2440","2440","2440",2
"6129","6129","6129",6
"2440","2440","2440",2
"6330","6330","6330",6
"5530","5530","5530",5
"8921","8921","8921",8
"5530","5530","5530",5
"2879","2879","2879",2
"5530","5530","5530",5
"5543","5543","5543",5
"6121","6121","6121",6
"7492","7492","7492",7
"6121","6121","6121",6
"6632","6632","6632",6
"5322","5322","5322",5
"6253","6253","6253",6
"7161","7161","7161",7
"7783","7783","7783",7
"7161","7161","7161",7
"0611","0611","0611",0
"7212","7212","7212",7
"7429","7429","7429",7
"7212","7212","7212",7
"6991","6991","6991",6
"7212","7212","7212",7
"7492","7492","7492",7
"7212","7212","7212",7
"7493","7493","7493",7
"7212","7212","7212",7
"8121","8121","8121",8
"7212","7212","7212",7
"7368","7368","7368",7
"7212","7212","7212",7
"7868","7868","7868",7
"7212","7212","7212",7
"7269","7269","7269",7
"7212","7212","7212",7
"0142","0142","0142",0
"7212","7212","7212",7
"2879","2879","2879",2
"7212","7212","7212",7
"8935","8935","8935",8
"7212","7212","7212",7
"7849","7849","7849",7
"5721","5721","5721",5
"6974","6974","6974",6
"7224","7224","7224",7
"7234","7234","7234",7
"7224","7224","7224",7
"0342","0342","0342",0
"7521","7521","7521",7
"8451","8451","8451",8
"7521","7521","7521",7
"8452","8452","8452",8
"7521","7521","7521",7
"6349","6349","6349",6
"7521","7521","7521",7
"0360","0360","0360",0
"7521","7521","7521",7
"6513","6513","6513",6
"6571","6571","6571",6
"6538","6538","6538",6
"6571","6571","6571",6
"6991","6991","6991",6
"6571","6571","6571",6
"0142","0142","0142",0
"6571","6571","6571",6
"7492","7492","7492",7
"6571","6571","6571",6
"7499","7499","7499",7
"6571","6571","6571",6
"8935","8935","8935",8
"6571","6571","6571",6
"6632","6632","6632",6
"6571","6571","6571",6
"7868","7868","7868",7
"6571","6571","6571",6
"2879","2879","2879",2
"2226","2226","2226",2
"0711","0711","0711",0
"2226","2226","2226",2
"1212","1212","1212",1
"6589","6589","6589",6
"6581","6581","6581",6
"6589","6589","6589",6
"7522","7522","7522",7
"6589","6589","6589",6
"4242","4242","4242",4
"6589","6589","6589",6
"6584","6584","6584",6
"7283","7283","7283",7
"7188","7188","7188",7
"7283","7283","7283",7
"7492","7492","7492",7
"7283","7283","7283",7
"6418","6418","6418",6
"7283","7283","7283",7
"0711","0711","0711",0
"0577","0577","0577",0
"0019","0019","0019",0
"0577","0577","0577",0
"6891","6891","6891",6
"0577","0577","0577",0
"5833","5833","5833",5
"0577","0577","0577",0
"7782","7782","7782",7
"8994","8994","8994",8
"1223","1223","1223",1
"6342","6342","6342",6
"6359","6359","6359",6
"6342","6342","6342",6
"6416","6416","6416",6
"6342","6342","6342",6
"6349","6349","6349",6
"6342","6342","6342",6
"2482","2482","2482",2
"6342","6342","6342",6
"6341","6341","6341",6
"6342","6342","6342",6
"2483","2483","2483",2
"7528","7528","7528",7
"0615","0615","0615",0
"7528","7528","7528",7
"7522","7522","7522",7
"7528","7528","7528",7
"7523","7523","7523",7
"8310","8310","8310",8
"2117","2117","2117",2
"8421","8421","8421",8
"6123","6123","6123",6
"8421","8421","8421",8
"8452","8452","8452",8
"8421","8421","8421",8
"6584","6584","6584",6
"8421","8421","8421",8
"8431","8431","8431",8
"8421","8421","8421",8
"8472","8472","8472",8
"8421","8421","8421",8
"8433","8433","8433",8
"8421","8421","8421",8
"2519","2519","2519",2
"8421","8421","8421",8
"8462","8462","8462",8
"8421","8421","8421",8
"8442","8442","8442",8
"8421","8421","8421",8
"8435","8435","8435",8
"8421","8421","8421",8
"8451","8451","8451",8
"8421","8421","8421",8
"8441","8441","8441",8
"8421","8421","8421",8
"5827","5827","5827",5
"8421","8421","8421",8
"8465","8465","8465",8
"8421","8421","8421",8
"8459","8459","8459",8
"8421","8421","8421",8
"8422","8422","8422",8
"8421","8421","8421",8
"8463","8463","8463",8
"8421","8421","8421",8
"8434","8434","8434",8
"4244","4244","4244",4
"4242","4242","4242",4
"4244","4244","4244",4
"0575","0575","0575",0
"4244","4244","4244",4
"1124","1124","1124",1
"8462","8462","8462",8
"8452","8452","8452",8
"8462","8462","8462",8
"5989","5989","5989",5
"8462","8462","8462",8
"8431","8431","8431",8
"8462","8462","8462",8
"8472","8472","8472",8
"8462","8462","8462",8
"8433","8433","8433",8
"8462","8462","8462",8
"8423","8423","8423",8
"8462","8462","8462",8
"8442","8442","8442",8
"8462","8462","8462",8
"8435","8435","8435",8
"8462","8462","8462",8
"8451","8451","8451",8
"8462","8462","8462",8
"8441","8441","8441",8
"8462","8462","8462",8
"8465","8465","8465",8
"8462","8462","8462",8
"8459","8459","8459",8
"8462","8462","8462",8
"8463","8463","8463",8
"8462","8462","8462",8
"8434","8434","8434",8
"8462","8462","8462",8
"8443","8443","8443",8
"5334","5334","5334",5
"5837","5837","5837",5
"5334","5334","5334",5
"6577","6577","6577",6
"5334","5334","5334",5
"2879","2879","2879",2
"6712","6712","6712",6
"8996","8996","8996",8
"7429","7429","7429",7
"7492","7492","7492",7
"7429","7429","7429",7
"7493","7493","7493",7
"7429","7429","7429",7
"7188","7188","7188",7
"7429","7429","7429",7
"7423","7423","7423",7
"7429","7429","7429",7
"0611","0611","0611",0
"7429","7429","7429",7
"7416","7416","7416",7
"7429","7429","7429",7
"7368","7368","7368",7
"7429","7429","7429",7
"7412","7412","7412",7
"7429","7429","7429",7
"7269","7269","7269",7
"7429","7429","7429",7
"7783","7783","7783",7
"7429","7429","7429",7
"6637","6637","6637",6
"7429","7429","7429",7
"7246","7246","7246",7
"0452","0452","0452",0
"8463","8463","8463",8
"0452","0452","0452",0
"2922","2922","2922",2
"2482","2482","2482",2
"6413","6413","6413",6
"2482","2482","2482",2
"6349","6349","6349",6
"8924","8924","8924",8
"3413","3413","3413",3
"2877","2877","2877",2
"0350","0350","0350",0
"8482","8482","8482",8
"7628","7628","7628",7
"8482","8482","8482",8
"7642","7642","7642",7
"6924","6924","6924",6
"6428","6428","6428",6
"6924","6924","6924",6
"0484","0484","0484",0
"6924","6924","6924",6
"8932","8932","8932",8
"6924","6924","6924",6
"6553","6553","6553",6
"6543","6543","6543",6
"3413","3413","3413",3
"7233","7233","7233",7
"7933","7933","7933",7
"7233","7233","7233",7
"0545","0545","0545",0
"7911","7911","7911",7
"0711","0711","0711",0
"6254","6254","6254",6
"2631","2631","2631",2
"5161","5161","5161",5
"8443","8443","8443",8
"7361","7361","7361",7
"7245","7245","7245",7
"1124","1124","1124",1
"0723","0723","0723",0
"1124","1124","1124",1
"2232","2232","2232",2
"7372","7372","7372",7
"7492","7492","7492",7
"7372","7372","7372",7
"7493","7493","7493",7
"7372","7372","7372",7
"7281","7281","7281",7
"7372","7372","7372",7
"0611","0611","0611",0
"7372","7372","7372",7
"6745","6745","6745",6
"7372","7372","7372",7
"7368","7368","7368",7
"7372","7372","7372",7
"7442","7442","7442",7
"7372","7372","7372",7
"7371","7371","7371",7
"7372","7372","7372",7
"7362","7362","7362",7
"7372","7372","7372",7
"7423","7423","7423",7
"7372","7372","7372",7
"6632","6632","6632",6
"7372","7372","7372",7
"6992","6992","6992",6
"7372","7372","7372",7
"6782","6782","6782",6
"2927","2927","2927",2
"6781","6781","6781",6
"2927","2927","2927",2
"0412","0412","0412",0
"2927","2927","2927",2
"5249","5249","5249",5
"2927","2927","2927",2
"6724","6724","6724",6
"2890","2890","2890",2
"2659","2659","2659",2
"7368","7368","7368",7
"7493","7493","7493",7
"7368","7368","7368",7
"7234","7234","7234",7
"7368","7368","7368",7
"6637","6637","6637",6
"7368","7368","7368",7
"6940","6940","6940",6
"7368","7368","7368",7
"6632","6632","6632",6
"7368","7368","7368",7
"7281","7281","7281",7
"7368","7368","7368",7
"7492","7492","7492",7
"7368","7368","7368",7
"0813","0813","0813",0
"7368","7368","7368",7
"7369","7369","7369",7
"7368","7368","7368",7
"0611","0611","0611",0
"7368","7368","7368",7
"7269","7269","7269",7
"7368","7368","7368",7
"6992","6992","6992",6
"7368","7368","7368",7
"7246","7246","7246",7
"7368","7368","7368",7
"7913","7913","7913",7
"2681","2681","2681",2
"2682","2682","2682",2
"2681","2681","2681",2
"8993","8993","8993",8
"2681","2681","2681",2
"8465","8465","8465",8
"8732","8732","8732",8
"7783","7783","7783",7
"6552","6552","6552",6
"0711","0711","0711",0
"7499","7499","7499",7
"6991","6991","6991",6
"7499","7499","7499",7
"6632","6632","6632",6
"7499","7499","7499",7
"0711","0711","0711",0
"7499","7499","7499",7
"7849","7849","7849",7
"7499","7499","7499",7
"7442","7442","7442",7
"7499","7499","7499",7
"7169","7169","7169",7
"8811","8811","8811",8
"8852","8852","8852",8
"8811","8811","8811",8
"0583","0583","0583",0
"8811","8811","8811",8
"7628","7628","7628",7
"8811","8811","8811",8
"7642","7642","7642",7
"8811","8811","8811",8
"6996","6996","6996",6
"8811","8811","8811",8
"7512","7512","7512",7
"8811","8811","8811",8
"7525","7525","7525",7
"6931","6931","6931",6
"6770","6770","6770",6
"6666","6666","6666",6
"1222","1222","1222",1
"6666","6666","6666",6
"0112","0112","0112",0
"6513","6513","6513",6
"7133","7133","7133",7
"6513","6513","6513",6
"6522","6522","6522",6
"6513","6513","6513",6
"6521","6521","6521",6
"6912","6912","6912",6
"6428","6428","6428",6
"6912","6912","6912",6
"6911","6911","6911",6
"6912","6912","6912",6
"8932","8932","8932",8
"6912","6912","6912",6
"6996","6996","6996",6
"6418","6418","6418",6
"7492","7492","7492",7
"6418","6418","6418",6
"5822","5822","5822",5
"6418","6418","6418",6
"7219","7219","7219",7
"6418","6418","6418",6
"6412","6412","6412",6
"6418","6418","6418",6
"6419","6419","6419",6
"6418","6418","6418",6
"5837","5837","5837",5
"6418","6418","6418",6
"0711","0711","0711",0
"6418","6418","6418",6
"6632","6632","6632",6
"6418","6418","6418",6
"6577","6577","6577",6
"6418","6418","6418",6
"8935","8935","8935",8
"6421","6421","6421",6
"6428","6428","6428",6
"6421","6421","6421",6
"6911","6911","6911",6
"6421","6421","6421",6
"0730","0730","0730",0
"6421","6421","6421",6
"8931","8931","8931",8
"6421","6421","6421",6
"3330","3330","3330",3
"8452","8452","8452",8
"8451","8451","8451",8
"8452","8452","8452",8
"8472","8472","8472",8
"8452","8452","8452",8
"8441","8441","8441",8
"8452","8452","8452",8
"8463","8463","8463",8
"8452","8452","8452",8
"8431","8431","8431",8
"8452","8452","8452",8
"8433","8433","8433",8
"8452","8452","8452",8
"8459","8459","8459",8
"8452","8452","8452",8
"8465","8465","8465",8
"8452","8452","8452",8
"8423","8423","8423",8
"8452","8452","8452",8
"8434","8434","8434",8
"8452","8452","8452",8
"8442","8442","8442",8
"8452","8452","8452",8
"8435","8435","8435",8
"8452","8452","8452",8
"8443","8443","8443",8
"6419","6419","6419",6
"0711","0711","0711",0
"8935","8935","8935",8
"6538","6538","6538",6
"8935","8935","8935",8
"6991","6991","6991",6
"8935","8935","8935",8
"8121","8121","8121",8
"8935","8935","8935",8
"0142","0142","0142",0
"8935","8935","8935",8
"7492","7492","7492",7
"8935","8935","8935",8
"7247","7247","7247",7
"8935","8935","8935",8
"7868","7868","7868",7
"8935","8935","8935",8
"7849","7849","7849",7
"8935","8935","8935",8
"6648","6648","6648",6
"8935","8935","8935",8
"2879","2879","2879",2
"8931","8931","8931",8
"3330","3330","3330",3
"8931","8931","8931",8
"6553","6553","6553",6
"5312","5312","5312",5
"2472","2472","2472",2
"9000","9000","9000",9
"6553","6553","6553",6
"3224","3224","3224",3
"0611","0611","0611",0
"0350","0350","0350",0
"7768","7768","7768",7
"0350","0350","0350",0
"7762","7762","7762",7
"0350","0350","0350",0
"7784","7784","7784",7
"5620","5620","5620",5
"5239","5239","5239",5
"5620","5620","5620",5
"6344","6344","6344",6
"6725","6725","6725",6
"8999","8999","8999",8
"6770","6770","6770",6
"6744","6744","6744",6
"6770","6770","6770",6
"6732","6732","6732",6
"6770","6770","6770",6
"6733","6733","6733",6
"6770","6770","6770",6
"6911","6911","6911",6
"6770","6770","6770",6
"6351","6351","6351",6
"6770","6770","6770",6
"6731","6731","6731",6
"8997","8997","8997",8
"6253","6253","6253",6
"3415","3415","3415",3
"6123","6123","6123",6
"3415","3415","3415",3
"8465","8465","8465",8
"3415","3415","3415",3
"8463","8463","8463",8
"3415","3415","3415",3
"8423","8423","8423",8
"3415","3415","3415",3
"8212","8212","8212",8
"6731","6731","6731",6
"6732","6732","6732",6
"6731","6731","6731",6
"6733","6733","6733",6
"7712","7712","7712",7
"2879","2879","2879",2
"2651","2651","2651",2
"0711","0711","0711",0
"6573","6573","6573",6
"6539","6539","6539",6
"6573","6573","6573",6
"0711","0711","0711",0
"2879","2879","2879",2
"8921","8921","8921",8
"2879","2879","2879",2
"0722","0722","0722",0
"2879","2879","2879",2
"7612","7612","7612",7
"0913","0913","0913",0
"0142","0142","0142",0
"7923","7923","7923",7
"6115","6115","6115",6
"8951","8951","8951",8
"2631","2631","2631",2
"8441","8441","8441",8
"5514","5514","5514",5
"8441","8441","8441",8
"8431","8431","8431",8
"8441","8441","8441",8
"8472","8472","8472",8
"8441","8441","8441",8
"8433","8433","8433",8
"8441","8441","8441",8
"8423","8423","8423",8
"8441","8441","8441",8
"8442","8442","8442",8
"8441","8441","8441",8
"8435","8435","8435",8
"8441","8441","8441",8
"8451","8451","8451",8
"8441","8441","8441",8
"8465","8465","8465",8
"8441","8441","8441",8
"8459","8459","8459",8
"8441","8441","8441",8
"8463","8463","8463",8
"8441","8441","8441",8
"8434","8434","8434",8
"8441","8441","8441",8
"8443","8443","8443",8
"5137","5137","5137",5
"3330","3330","3330",3
"6521","6521","6521",6
"7648","7648","7648",7
"6521","6521","6521",6
"5983","5983","5983",5
"8459","8459","8459",8
"0019","0019","0019",0
"8459","8459","8459",8
"7493","7493","7493",7
"8459","8459","8459",8
"8431","8431","8431",8
"8459","8459","8459",8
"8472","8472","8472",8
"8459","8459","8459",8
"8433","8433","8433",8
"8459","8459","8459",8
"8423","8423","8423",8
"8459","8459","8459",8
"8442","8442","8442",8
"8459","8459","8459",8
"8435","8435","8435",8
"8459","8459","8459",8
"8451","8451","8451",8
"8459","8459","8459",8
"8465","8465","8465",8
"8459","8459","8459",8
"2814","2814","2814",2
"8459","8459","8459",8
"8463","8463","8463",8
"8459","8459","8459",8
"2860","2860","2860",2
"8459","8459","8459",8
"8434","8434","8434",8
"8459","8459","8459",8
"8443","8443","8443",8
"7269","7269","7269",7
"7492","7492","7492",7
"7269","7269","7269",7
"7412","7412","7412",7
"7269","7269","7269",7
"7213","7213","7213",7
"7269","7269","7269",7
"7741","7741","7741",7
"7269","7269","7269",7
"0615","0615","0615",0
"7269","7269","7269",7
"5419","5419","5419",5
"7269","7269","7269",7
"7423","7423","7423",7
"7269","7269","7269",7
"6579","6579","6579",6
"6637","6637","6637",6
"7493","7493","7493",7
"6637","6637","6637",6
"7849","7849","7849",7
"6637","6637","6637",6
"7492","7492","7492",7
"6637","6637","6637",6
"7783","7783","7783",7
"6637","6637","6637",6
"6579","6579","6579",6
"6637","6637","6637",6
"8442","8442","8442",8
"6591","6591","6591",6
"0711","0711","0711",0
"6582","6582","6582",6
"3330","3330","3330",3
"6545","6545","6545",6
"8422","8422","8422",8
"6647","6647","6647",6
"6413","6413","6413",6
"6647","6647","6647",6
"6553","6553","6553",6
"6647","6647","6647",6
"7219","7219","7219",7
"7762","7762","7762",7
"2820","2820","2820",2
"7762","7762","7762",7
"6428","6428","6428",6
"7754","7754","7754",7
"0342","0342","0342",0
"5411","5411","5411",5
"0711","0711","0711",0
"5411","5411","5411",5
"5163","5163","5163",5
"5225","5225","5225",5
"7591","7591","7591",7
"5225","5225","5225",5
"7518","7518","7518",7
"0412","0412","0412",0
"0411","0411","0411",0
"0412","0412","0412",0
"0430","0430","0430",0
"5121","5121","5121",5
"2655","2655","2655",2
"7518","7518","7518",7
"7591","7591","7591",7
"6115","6115","6115",6
"6116","6116","6116",6
"6115","6115","6115",6
"6713","6713","6713",6
"7247","7247","7247",7
"6538","6538","6538",6
"7247","7247","7247",7
"9410","9410","9410",9
"0711","0711","0711",0
"7129","7129","7129",7
"0711","0711","0711",0
"7163","7163","7163",7
"0711","0711","0711",0
"5921","5921","5921",5
"0711","0711","0711",0
"1121","1121","1121",1
"0711","0711","0711",0
"7219","7219","7219",7
"0711","0711","0711",0
"6544","6544","6544",6
"0711","0711","0711",0
"0430","0430","0430",0
"0711","0711","0711",0
"0230","0230","0230",0
"0711","0711","0711",0
"6352","6352","6352",6
"0711","0711","0711",0
"4235","4235","4235",4
"0711","0711","0711",0
"7822","7822","7822",7
"0711","0711","0711",0
"7434","7434","7434",7
"0711","0711","0711",0
"1122","1122","1122",1
"0711","0711","0711",0
"5837","5837","5837",5
"0711","0711","0711",0
"7272","7272","7272",7
"0711","0711","0711",0
"0142","0142","0142",0
"0711","0711","0711",0
"0411","0411","0411",0
"7525","7525","7525",7
"2631","2631","2631",2
"7525","7525","7525",7
"7764","7764","7764",7
"7525","7525","7525",7
"7599","7599","7599",7
"7525","7525","7525",7
"7642","7642","7642",7
"8743","8743","8743",8
"7783","7783","7783",7
"8743","8743","8743",8
"7492","7492","7492",7
"7643","7643","7643",7
"8749","8749","8749",8
"6417","6417","6417",6
"6428","6428","6428",6
"6417","6417","6417",6
"8122","8122","8122",8
"6417","6417","6417",6
"6842","6842","6842",6
"6417","6417","6417",6
"0484","0484","0484",0
"6417","6417","6417",6
"8932","8932","8932",8
"4239","4239","4239",4
"0741","0741","0741",0
"7219","7219","7219",7
"7442","7442","7442",7
"8431","8431","8431",8
"6123","6123","6123",6
"8431","8431","8431",8
"6584","6584","6584",6
"8431","8431","8431",8
"8472","8472","8472",8
"8431","8431","8431",8
"8433","8433","8433",8
"8431","8431","8431",8
"8423","8423","8423",8
"8431","8431","8431",8
"8442","8442","8442",8
"8431","8431","8431",8
"8435","8435","8435",8
"8431","8431","8431",8
"8451","8451","8451",8
"8431","8431","8431",8
"8465","8465","8465",8
"8431","8431","8431",8
"8422","8422","8422",8
"8431","8431","8431",8
"8463","8463","8463",8
"8431","8431","8431",8
"8434","8434","8434",8
"0573","0573","0573",0
"6732","6732","6732",6
"0573","0573","0573",0
"5112","5112","5112",5
"7753","7753","7753",7
"2483","2483","2483",2
"7924","7924","7924",7
"8451","8451","8451",8
"7924","7924","7924",7
"1110","1110","1110",1
"6911","6911","6911",6
"7868","7868","7868",7
"6911","6911","6911",6
"8212","8212","8212",8
"6911","6911","6911",6
"6744","6744","6744",6
"6911","6911","6911",6
"6842","6842","6842",6
"6911","6911","6911",6
"0730","0730","0730",0
"6911","6911","6911",6
"8932","8932","8932",8
"6911","6911","6911",6
"6996","6996","6996",6
"6911","6911","6911",6
"6428","6428","6428",6
"6911","6911","6911",6
"6351","6351","6351",6
"6911","6911","6911",6
"6785","6785","6785",6
"3354","3354","3354",3
"2926","2926","2926",2
"8851","8851","8851",8
"2224","2224","2224",2
"8851","8851","8851",8
"2631","2631","2631",2
"7842","7842","7842",7
"6632","6632","6632",6
"7842","7842","7842",7
"2631","2631","2631",2
"7842","7842","7842",7
"6412","6412","6412",6
"7842","7842","7842",7
"7849","7849","7849",7
"7842","7842","7842",7
"7442","7442","7442",7
"6842","6842","6842",6
"6428","6428","6428",6
"6842","6842","6842",6
"7511","7511","7511",7
"0252","0252","0252",0
"3330","3330","3330",3
"0451","0451","0451",0
"8443","8443","8443",8
"7371","7371","7371",7
"7188","7188","7188",7
"7371","7371","7371",7
"2114","2114","2114",2
"7371","7371","7371",7
"6745","6745","6745",6
"7371","7371","7371",7
"7362","7362","7362",7
"8842","8842","8842",8
"0360","0360","0360",0
"8842","8842","8842",8
"0564","0564","0564",0
"8842","8842","8842",8
"9310","9310","9310",9
"8720","8720","8720",8
"2472","2472","2472",2
"6351","6351","6351",6
"6359","6359","6359",6
"6351","6351","6351",6
"0611","0611","0611",0
"6351","6351","6351",6
"6416","6416","6416",6
"6351","6351","6351",6
"2221","2221","2221",2
"6351","6351","6351",6
"8932","8932","8932",8
"5849","5849","5849",5
"8435","8435","8435",8
"2685","2685","2685",2
"7188","7188","7188",7
"7591","7591","7591",7
"0360","0360","0360",0
"7591","7591","7591",7
"2483","2483","2483",2
"2820","2820","2820",2
"2659","2659","2659",2
"2820","2820","2820",2
"6344","6344","6344",6
"2820","2820","2820",2
"0483","0483","0483",0
"3330","3330","3330",3
"2511","2511","2511",2
"3330","3330","3330",3
"0582","0582","0582",0
"3330","3330","3330",3
"7852","7852","7852",7
"3330","3330","3330",3
"5824","5824","5824",5
"3330","3330","3330",3
"6549","6549","6549",6
"6282","6282","6282",6
"0611","0611","0611",0
"6538","6538","6538",6
"6899","6899","6899",6
"6658","6658","6658",6
"7129","7129","7129",7
"1110","1110","1110",1
"0484","0484","0484",0
"7442","7442","7442",7
"6991","6991","6991",6
"7442","7442","7442",7
"7188","7188","7188",7
"7442","7442","7442",7
"7492","7492","7492",7
"7442","7442","7442",7
"7849","7849","7849",7
"7442","7442","7442",7
"6632","6632","6632",6
"7442","7442","7442",7
"8443","8443","8443",8
"5162","5162","5162",5
"5123","5123","5123",5
"0116","0116","0116",0
"4113","4113","4113",4
"0116","0116","0116",0
"8433","8433","8433",8
"7914","7914","7914",7
"0611","0611","0611",0
"5824","5824","5824",5
"7493","7493","7493",7
"5824","5824","5824",5
"5822","5822","5822",5
"6940","6940","6940",6
"7493","7493","7493",7
"6940","6940","6940",6
"7281","7281","7281",7
"6940","6940","6940",6
"0341","0341","0341",0
"6940","6940","6940",6
"7369","7369","7369",7
"7362","7362","7362",7
"0611","0611","0611",0
"1121","1121","1121",1
"7641","7641","7641",7
"9610","9610","9610",9
"2631","2631","2631",2
"8212","8212","8212",8
"7868","7868","7868",7
"8212","8212","8212",8
"7861","7861","7861",7
"8212","8212","8212",8
"7169","7169","7169",7
"7821","7821","7821",7
"7810","7810","7810",7
"7821","7821","7821",7
"7849","7849","7849",7
"0240","0240","0240",0
"0730","0730","0730",0
"6672","6672","6672",6
"6822","6822","6822",6
"6672","6672","6672",6
"6112","6112","6112",6
"6672","6672","6672",6
"6412","6412","6412",6
"5983","5983","5983",5
"5123","5123","5123",5
"7849","7849","7849",7
"7493","7493","7493",7
"7849","7849","7849",7
"6632","6632","6632",6
"7849","7849","7849",7
"0741","0741","0741",0
"7849","7849","7849",7
"7369","7369","7369",7
"7849","7849","7849",7
"6782","6782","6782",6
"7849","7849","7849",7
"7492","7492","7492",7
"7849","7849","7849",7
"6992","6992","6992",6
"7849","7849","7849",7
"6991","6991","6991",6
"7849","7849","7849",7
"7810","7810","7810",7
"7849","7849","7849",7
"7783","7783","7783",7
"2655","2655","2655",2
"3344","3344","3344",3
"2655","2655","2655",2
"0541","0541","0541",0
"6577","6577","6577",6
"0611","0611","0611",0
"6577","6577","6577",6
"5837","5837","5837",5
"6577","6577","6577",6
"6632","6632","6632",6
"6782","6782","6782",6
"9410","9410","9410",9
"8451","8451","8451",8
"5123","5123","5123",5
"8451","8451","8451",8
"8472","8472","8472",8
"8451","8451","8451",8
"8433","8433","8433",8
"8451","8451","8451",8
"8423","8423","8423",8
"8451","8451","8451",8
"8442","8442","8442",8
"8451","8451","8451",8
"8435","8435","8435",8
"8451","8451","8451",8
"8465","8465","8465",8
"8451","8451","8451",8
"8463","8463","8463",8
"8451","8451","8451",8
"8434","8434","8434",8
"8451","8451","8451",8
"8443","8443","8443",8
"5415","5415","5415",5
"0615","0615","0615",0
"5415","5415","5415",5
"5989","5989","5989",5
"8219","8219","8219",8
"6359","6359","6359",6
"8219","8219","8219",8
"8932","8932","8932",8
"7492","7492","7492",7
"7493","7493","7493",7
"7492","7492","7492",7
"6632","6632","6632",6
"7492","7492","7492",7
"7188","7188","7188",7
"7492","7492","7492",7
"5419","5419","5419",5
"7492","7492","7492",7
"6579","6579","6579",6
"7492","7492","7492",7
"7281","7281","7281",7
"7492","7492","7492",7
"6991","6991","6991",6
"7492","7492","7492",7
"7783","7783","7783",7
"7492","7492","7492",7
"3345","3345","3345",3
"7492","7492","7492",7
"7423","7423","7423",7
"7492","7492","7492",7
"0142","0142","0142",0
"4232","4232","4232",4
"8443","8443","8443",8
"5413","5413","5413",5
"3222","3222","3222",3
"6953","6953","6953",6
"6991","6991","6991",6
"6953","6953","6953",6
"6821","6821","6821",6
"6953","6953","6953",6
"6975","6975","6975",6
"6953","6953","6953",6
"6632","6632","6632",6
"6953","6953","6953",6
"6992","6992","6992",6
"6953","6953","6953",6
"6996","6996","6996",6
"6953","6953","6953",6
"0142","0142","0142",0
"6581","6581","6581",6
"8434","8434","8434",8
"8841","8841","8841",8
"6584","6584","6584",6
"6514","6514","6514",6
"2672","2672","2672",2
"6732","6732","6732",6
"0019","0019","0019",0
"6732","6732","6732",6
"6744","6744","6744",6
"6732","6732","6732",6
"1221","1221","1221",1
"6745","6745","6745",6
"6744","6744","6744",6
"6745","6745","6745",6
"7188","7188","7188",7
"6745","6745","6745",6
"7169","7169","7169",7
"6745","6745","6745",6
"6733","6733","6733",6
"6745","6745","6745",6
"6749","6749","6749",6
"6745","6745","6745",6
"7119","7119","7119",7
"6745","6745","6745",6
"6746","6746","6746",6
"6745","6745","6745",6
"8973","8973","8973",8
"9110","9110","9110",9
"0341","0341","0341",0
"9110","9110","9110",9
"0583","0583","0583",0
"9110","9110","9110",9
"2332","2332","2332",2
"0615","0615","0615",0
"5122","5122","5122",5
"0615","0615","0615",0
"8821","8821","8821",8
"0615","0615","0615",0
"5419","5419","5419",5
"2874","2874","2874",2
"2875","2875","2875",2
"6422","6422","6422",6
"0730","0730","0730",0
"6422","6422","6422",6
"8932","8932","8932",8
"6422","6422","6422",6
"0611","0611","0611",0
"6899","6899","6899",6
"5823","5823","5823",5
"0019","0019","0019",0
"3341","3341","3341",3
"0019","0019","0019",0
"0342","0342","0342",0
"0019","0019","0019",0
"2239","2239","2239",2
"0019","0019","0019",0
"0545","0545","0545",0
"0019","0019","0019",0
"5113","5113","5113",5
"5911","5911","5911",5
"6553","6553","6553",6
"8946","8946","8946",8
"6733","6733","6733",6
"0583","0583","0583",0
"8122","8122","8122",8
"0583","0583","0583",0
"0484","0484","0484",0
"7111","7111","7111",7
"0611","0611","0611",0
"6592","6592","6592",6
"9710","9710","9710",9
"6632","6632","6632",6
"7234","7234","7234",7
"6632","6632","6632",6
"0611","0611","0611",0
"6632","6632","6632",6
"6546","6546","6546",6
"6632","6632","6632",6
"6991","6991","6991",6
"6632","6632","6632",6
"7810","7810","7810",7
"6632","6632","6632",6
"6412","6412","6412",6
"5543","5543","5543",5
"6996","6996","6996",6
"5543","5543","5543",5
"2640","2640","2640",2
"7169","7169","7169",7
"7129","7129","7129",7
"7169","7169","7169",7
"7868","7868","7868",7
"7169","7169","7169",7
"7119","7119","7119",7
"7169","7169","7169",7
"7369","7369","7369",7
"7169","7169","7169",7
"7861","7861","7861",7
"6595","6595","6595",6
"0611","0611","0611",0
"2331","2331","2331",2
"8443","8443","8443",8
"6413","6413","6413",6
"2517","2517","2517",2
"7757","7757","7757",7
"3341","3341","3341",3
"7248","7248","7248",7
"0611","0611","0611",0
"8442","8442","8442",8
"0459","0459","0459",0
"8442","8442","8442",8
"8472","8472","8472",8
"8442","8442","8442",8
"8433","8433","8433",8
"8442","8442","8442",8
"8423","8423","8423",8
"8442","8442","8442",8
"8435","8435","8435",8
"8442","8442","8442",8
"0113","0113","0113",0
"8442","8442","8442",8
"8465","8465","8465",8
"8442","8442","8442",8
"8463","8463","8463",8
"8442","8442","8442",8
"7423","7423","7423",7
"8442","8442","8442",8
"8434","8434","8434",8
"8442","8442","8442",8
"8443","8443","8443",8
"8435","8435","8435",8
"7245","7245","7245",7
"8435","8435","8435",8
"6584","6584","6584",6
"8435","8435","8435",8
"8472","8472","8472",8
"8435","8435","8435",8
"8433","8433","8433",8
"8435","8435","8435",8
"8423","8423","8423",8
"8435","8435","8435",8
"8465","8465","8465",8
"8435","8435","8435",8
"8422","8422","8422",8
"8435","8435","8435",8
"8463","8463","8463",8
"8435","8435","8435",8
"8434","8434","8434",8
"8435","8435","8435",8
"8443","8443","8443",8
"2672","2672","2672",2
"4245","4245","4245",4
"7162","7162","7162",7
"2631","2631","2631",2
"6116","6116","6116",6
"5623","5623","5623",5
"0488","0488","0488",0
"0741","0741","0741",0
"7788","7788","7788",7
"7641","7641","7641",7
"7788","7788","7788",7
"7599","7599","7599",7
"7788","7788","7788",7
"2114","2114","2114",2
"7788","7788","7788",7
"7723","7723","7723",7
"7213","7213","7213",7
"0611","0611","0611",0
"0712","0712","0712",0
"8484","8484","8484",8
"0712","0712","0712",0
"8483","8483","8483",8
"7522","7522","7522",7
"7768","7768","7768",7
"7522","7522","7522",7
"5989","5989","5989",5
"7522","7522","7522",7
"7523","7523","7523",7
"0576","0576","0576",0
"2472","2472","2472",2
"0576","0576","0576",0
"0470","0470","0470",0
"8981","8981","8981",8
"2925","2925","2925",2
"8981","8981","8981",8
"8989","8989","8989",8
"8981","8981","8981",8
"0611","0611","0611",0
"7810","7810","7810",7
"2631","2631","2631",2
"7810","7810","7810",7
"5629","5629","5629",5
"8122","8122","8122",8
"8422","8422","8422",8
"8122","8122","8122",8
"5163","5163","5163",5
"5541","5541","5541",5
"8821","8821","8821",8
"5232","5232","5232",5
"2640","2640","2640",2
"8422","8422","8422",8
"6123","6123","6123",6
"8422","8422","8422",8
"8472","8472","8472",8
"8422","8422","8422",8
"8433","8433","8433",8
"8422","8422","8422",8
"8434","8434","8434",8
"8422","8422","8422",8
"6253","6253","6253",6
"0546","0546","0546",0
"0586","0586","0586",0
"8463","8463","8463",8
"8472","8472","8472",8
"8463","8463","8463",8
"8433","8433","8433",8
"8463","8463","8463",8
"8423","8423","8423",8
"8463","8463","8463",8
"5332","5332","5332",5
"8463","8463","8463",8
"8465","8465","8465",8
"8463","8463","8463",8
"8434","8434","8434",8
"8463","8463","8463",8
"8443","8443","8443",8
"4245","4245","4245",4
"0980","0980","0980",0
"4245","4245","4245",4
"2631","2631","2631",2
"6341","6341","6341",6
"6553","6553","6553",6
"6341","6341","6341",6
"2483","2483","2483",2
"6975","6975","6975",6
"8932","8932","8932",8
"6975","6975","6975",6
"6996","6996","6996",6
"6975","6975","6975",6
"0611","0611","0611",0
"3223","3223","3223",3
"0611","0611","0611",0
"7234","7234","7234",7
"7493","7493","7493",7
"7234","7234","7234",7
"2114","2114","2114",2
"7234","7234","7234",7
"6412","6412","6412",6
"7234","7234","7234",7
"7412","7412","7412",7
"0620","0620","0620",0
"0484","0484","0484",0
"0620","0620","0620",0
"2640","2640","2640",2
"8993","8993","8993",8
"2873","2873","2873",2
"3344","3344","3344",3
"6511","6511","6511",6
"3344","3344","3344",3
"3341","3341","3341",3
"3344","3344","3344",3
"7928","7928","7928",7
"3344","3344","3344",3
"8852","8852","8852",8
"7251","7251","7251",7
"0342","0342","0342",0
"0342","0342","0342",0
"0341","0341","0341",0
"0342","0342","0342",0
"6553","6553","6553",6
"0342","0342","0342",0
"0360","0360","0360",0
"6553","6553","6553",6
"5513","5513","5513",5
"6553","6553","6553",6
"7861","7861","7861",7
"7369","7369","7369",7
"7493","7493","7493",7
"7369","7369","7369",7
"7281","7281","7281",7
"7369","7369","7369",7
"7868","7868","7868",7
"7369","7369","7369",7
"0360","0360","0360",0
"1221","1221","1221",1
"6648","6648","6648",6
"0751","0751","0751",0
"8741","8741","8741",8
"0611","0611","0611",0
"5822","5822","5822",5
"0611","0611","0611",0
"7119","7119","7119",7
"0611","0611","0611",0
"5156","5156","5156",5
"0611","0611","0611",0
"6991","6991","6991",6
"0611","0611","0611",0
"7913","7913","7913",7
"0611","0611","0611",0
"7416","7416","7416",7
"5827","5827","5827",5
"6253","6253","6253",6
"5827","5827","5827",5
"5332","5332","5332",5
"6821","6821","6821",6
"7512","7512","7512",7
"7188","7188","7188",7
"2114","2114","2114",2
"7188","7188","7188",7
"7868","7868","7868",7
"7188","7188","7188",7
"6785","6785","6785",6
"8932","8932","8932",8
"6785","6785","6785",6
"8932","8932","8932",8
"7868","7868","7868",7
"8932","8932","8932",8
"6996","6996","6996",6
"8932","8932","8932",8
"0730","0730","0730",0
"8932","8932","8932",8
"0484","0484","0484",0
"5837","5837","5837",5
"5822","5822","5822",5
"5837","5837","5837",5
"6412","6412","6412",6
"5837","5837","5837",5
"8121","8121","8121",8
"5989","5989","5989",5
"5163","5163","5163",5
"5989","5989","5989",5
"5147","5147","5147",5
"8742","8742","8742",8
"5332","5332","5332",5
"6749","6749","6749",6
"6746","6746","6746",6
"6785","6785","6785",6
"6996","6996","6996",6
"6785","6785","6785",6
"7868","7868","7868",7
"7423","7423","7423",7
"7412","7412","7412",7
"0742","0742","0742",0
"8423","8423","8423",8
"0752","0752","0752",0
"4113","4113","4113",4
"8821","8821","8821",8
"0341","0341","0341",0
"8821","8821","8821",8
"8423","8423","8423",8
"8821","8821","8821",8
"0360","0360","0360",0
"5239","5239","5239",5
"6744","6744","6744",6
"5239","5239","5239",5
"6746","6746","6746",6
"7268","7268","7268",7
"7246","7246","7246",7
"6584","6584","6584",6
"8433","8433","8433",8
"6584","6584","6584",6
"8434","8434","8434",8
"6746","6746","6746",6
"6744","6744","6744",6
"6746","6746","6746",6
"6733","6733","6733",6
"8121","8121","8121",8
"2221","2221","2221",2
"8121","8121","8121",8
"7868","7868","7868",7
"8121","8121","8121",8
"6648","6648","6648",6
"8121","8121","8121",8
"0142","0142","0142",0
"2483","2483","2483",2
"7246","7246","7246",7
"2483","2483","2483",2
"2472","2472","2472",2
"2483","2483","2483",2
"5147","5147","5147",5
"7763","7763","7763",7
"7768","7768","7768",7
"7763","7763","7763",7
"7764","7764","7764",7
"7512","7512","7512",7
"7628","7628","7628",7
"5416","5416","5416",5
"7741","7741","7741",7
"2512","2512","2512",2
"2631","2631","2631",2
"0013","0013","0013",0
"2631","2631","2631",2
"0484","0484","0484",0
"6428","6428","6428",6
"0484","0484","0484",0
"0730","0730","0730",0
"7599","7599","7599",7
"7641","7641","7641",7
"7599","7599","7599",7
"7768","7768","7768",7
"7599","7599","7599",7
"2114","2114","2114",2
"7599","7599","7599",7
"7764","7764","7764",7
"7599","7599","7599",7
"7723","7723","7723",7
"6996","6996","6996",6
"5542","5542","5542",5
"6996","6996","6996",6
"7868","7868","7868",7
"6996","6996","6996",6
"6428","6428","6428",6
"7246","7246","7246",7
"7367","7367","7367",7
"6991","6991","6991",6
"6992","6992","6992",6
"6991","6991","6991",6
"0142","0142","0142",0
"7768","7768","7768",7
"7764","7764","7764",7
"6416","6416","6416",6
"6349","6349","6349",6
"7783","7783","7783",7
"7493","7493","7493",7
"7642","7642","7642",7
"2114","2114","2114",2
"7642","7642","7642",7
"7628","7628","7628",7
"0360","0360","0360",0
"6641","6641","6641",6
"0360","0360","0360",0
"7367","7367","7367",7
"6123","6123","6123",6
"8434","8434","8434",8
"2631","2631","2631",2
"5138","5138","5138",5
"2631","2631","2631",2
"7868","7868","7868",7
"2631","2631","2631",2
"6423","6423","6423",6
"2631","2631","2631",2
"8813","8813","8813",8
"2631","2631","2631",2
"7628","7628","7628",7
"7841","7841","7841",7
"3341","3341","3341",3
"0541","0541","0541",0
"3413","3413","3413",3
"7281","7281","7281",7
"7493","7493","7493",7
"7281","7281","7281",7
"0341","0341","0341",0
"6539","6539","6539",6
"9410","9410","9410",9
"5823","5823","5823",5
"6631","6631","6631",6
"5823","5823","5823",5
"5138","5138","5138",5
"5843","5843","5843",5
"7451","7451","7451",7
"0730","0730","0730",0
"6428","6428","6428",6
"7493","7493","7493",7
"8989","8989","8989",8
"0723","0723","0723",0
"0722","0722","0722",0
"7129","7129","7129",7
"7119","7119","7119",7
"0223","0223","0223",0
"8443","8443","8443",8
"7119","7119","7119",7
"7112","7112","7112",7
"6631","6631","6631",6
"9410","9410","9410",9
"6992","6992","6992",6
"3345","3345","3345",3
"6992","6992","6992",6
"7913","7913","7913",7
"7264","7264","7264",7
"8423","8423","8423",8
"8434","8434","8434",8
"8472","8472","8472",8
"8434","8434","8434",8
"8433","8433","8433",8
"8434","8434","8434",8
"8423","8423","8423",8
"8434","8434","8434",8
"8465","8465","8465",8
"8434","8434","8434",8
"8443","8443","8443",8
"8443","8443","8443",8
"8472","8472","8472",8
"8443","8443","8443",8
"8433","8433","8433",8
"7245","7245","7245",7
"7367","7367","7367",7
"8472","8472","8472",8
"8465","8465","8465",8
"8472","8472","8472",8
"8433","8433","8433",8
"8433","8433","8433",8
"7741","7741","7741",7
"8433","8433","8433",8
"8423","8423","8423",8
"8433","8433","8433",8
"8465","8465","8465",8
"8423","8423","8423",8
"8465","8465","8465",8
