Source,Target,Weight,type
"0114","6115",0.0111111,Undirected
"6935","6991",0.5920635,Undirected
"6935","7868",0.5527778,Undirected
"6935","2879",0.0133333,Undirected
"2711","2472",0.0199405,Undirected
"7732","7849",0.5555556,Undirected
"7732","9710",0.0144928,Undirected
"7732","7369",0.5693862,Undirected
"7732","9410",0.0144928,Undirected
"7732","3345",0.0151515,Undirected
"5826","7768",0.5521886,Undirected
"5826","5137",0.5847579,Undirected
"5826","8431",0.0081301,Undirected
"5826","7764",0.5580808,Undirected
"5826","7763",0.5851852,Undirected
"5826","7524",0.5703704,Undirected
"5826","5829",0.6148148,Undirected
"5826","6716",0.0114943,Undirected
"5241","6516",0.0133333,Undirected
"5241","6652",0.0151515,Undirected
"5241","0371",0.010101,Undirected
"5241","6583",0.0123457,Undirected
"5241","8124",0.0175439,Undirected
"1123","2879",0.0133333,Undirected
"5148","2890",0.0098039,Undirected
"5148","6130",0.0151515,Undirected
"8933","9410",0.015873,Undirected
"7139","6991",0.6142857,Undirected
"7139","6210",0.5503813,Undirected
"7139","7919",0.575,Undirected
"7139","8939",0.5511905,Undirected
"7139","7212",0.5606838,Undirected
"7139","7132",0.5794872,Undirected
"7139","7428",0.6051282,Undirected
"7139","6289",0.5676743,Undirected
"7139","7831",0.6365079,Undirected
"7139","6672",0.0133333,Undirected
"7139","7849",0.7269841,Undirected
"7139","6632",0.6051282,Undirected
"7139","6637",0.6051282,Undirected
"7139","0142",0.5669872,Undirected
"7139","7821",0.557265,Undirected
"7139","6623",0.5666667,Undirected
"6747","9110",0.0166667,Undirected
"0561","6553",0.0151515,Undirected
"5838","7423",0.5888889,Undirected
"5838","0371",0.0095238,Undirected
"5838","6591",0.5972222,Undirected
"5838","2114",0.0138889,Undirected
"5838","7246",0.5568182,Undirected
"6954","0565",0.0111111,Undirected
"6954","7493",0.6767677,Undirected
"6954","7452",0.6565657,Undirected
"6954","6940",0.5707071,Undirected
"6954","0711",0.009009,Undirected
"6954","3342",0.0095238,Undirected
"6954","7281",0.6565657,Undirected
"6954","7373",0.6340327,Undirected
"6954","0741",0.0151515,Undirected
"6954","7369",0.6293706,Undirected
"6954","7413",0.5555555,Undirected
"6954","7429",0.6161616,Undirected
"6954","7439",0.5846154,Undirected
"6954","0751",0.0144928,Undirected
"6954","7269",0.5984849,Undirected
"6954","8429",0.0079365,Undirected
"6954","7267",0.6287879,Undirected
"6954","7246",0.5681818,Undirected
"6954","7372",0.5967366,Undirected
"6954","7368",0.7727273,Undirected
"6954","7284",0.5707071,Undirected
"6954","2919",0.009009,Undirected
"6954","6832",0.5858586,Undirected
"6954","2116",0.0119048,Undirected
"6954","6572",0.5587302,Undirected
"8745","0012",0.0166667,Undirected
"8745","6113",0.0123457,Undirected
"8745","0611",0.0087719,Undirected
"2712","4249",0.0144928,Undirected
"2712","7938",0.0151515,Undirected
"2712","9000",0.0095238,Undirected
"2712","6665",0.0208333,Undirected
"2712","8991",0.0133333,Undirected
"7132","7429",0.609596,Undirected
"7132","7428",0.5990676,Undirected
"7132","8441",0.0079365,Undirected
"7132","7832",0.6545455,Undirected
"7132","7783",0.6186869,Undirected
"7132","3343",0.0107527,Undirected
"7132","8732",0.6575758,Undirected
"7132","8744",0.5636364,Undirected
"7132","6637",0.6343434,Undirected
"7132","5836",0.5613054,Undirected
"7132","6832",0.6186869,Undirected
"7132","7849",0.6746032,Undirected
"0344","6658",0.0123457,Undirected
"0344","5414",0.0092593,Undirected
"0344","8822",0.0092593,Undirected
"0344","6994",0.0092593,Undirected
"0344","5145",0.0092593,Undirected
"0344","5829",0.0092593,Undirected
"0344","6832",0.0092593,Undirected
"0344","5839",0.0092593,Undirected
"5622","5629",0.5655214,Undirected
"5622","2320",0.015873,Undirected
"5981","6811",0.015873,Undirected
"5981","6672",0.0151515,Undirected
"5981","2517",0.575,Undirected
"7422","8939",0.5835785,Undirected
"7422","7188",0.6729231,Undirected
"7422","6418",0.5919118,Undirected
"7422","7449",0.5684628,Undirected
"7422","7283",0.6277233,Undirected
"7422","9410",0.0138889,Undirected
"7422","6953",0.5699891,Undirected
"7422","6996",0.6048341,Undirected
"7422","5837",0.5835785,Undirected
"7422","5335",0.6292484,Undirected
"7422","6633",0.5577343,Undirected
"7422","0711",0.009009,Undirected
"7422","7442",0.5639706,Undirected
"7422","6577",0.626634,Undirected
"7422","6424",0.6319803,Undirected
"7422","5334",0.6092048,Undirected
"0901","5620",0.6666667,Undirected
"0901","2911",0.0087719,Undirected
"0901","7931",0.0175439,Undirected
"0901","6535",0.0185185,Undirected
"0901","2875",0.0185185,Undirected
"0901","6344",1.0,Undirected
"0901","8211",0.0111111,Undirected
"0901","5417",0.015873,Undirected
"0901","2820",0.008547,Undirected
"0901","0251",0.0151515,Undirected
"6575","7421",0.0092593,Undirected
"6575","6581",0.5831189,Undirected
"6575","4241",0.0095238,Undirected
"6575","7521",0.009009,Undirected
"6831","0752",0.009009,Undirected
"6831","7731",0.0133333,Undirected
"6831","2665",0.0175439,Undirected
"6831","6354",0.0114943,Undirected
"6831","6534",0.0151515,Undirected
"6831","6643",0.0185185,Undirected
"6831","8459",0.0066667,Undirected
"6831","8431",0.0081301,Undirected
"6831","8472",0.0083333,Undirected
"6831","2872",0.5636364,Undirected
"6831","8439",0.0065359,Undirected
"6831","8434",0.0081301,Undirected
"6831","8442",0.0092593,Undirected
"6921","6973",0.6133333,Undirected
"6921","5542",0.56,Undirected
"6921","6417",0.565347,Undirected
"6921","6911",0.6974359,Undirected
"6921","7449",0.6,Undirected
"6921","6351",0.6,Undirected
"6921","6428",0.5985186,Undirected
"6921","6924",0.5529851,Undirected
"6921","8932",0.6666667,Undirected
"6921","6785",0.56,Undirected
"6921","6996",0.6,Undirected
"6921","6618",0.5567077,Undirected
"6921","0730",0.56,Undirected
"6921","2235",0.0133333,Undirected
"2771","6973",0.0144928,Undirected
"2771","8122",0.0098039,Undirected
"2771","2732",0.0151515,Undirected
"2771","7752",0.0138889,Undirected
"2771","6783",0.0128205,Undirected
"2771","7932",0.0151515,Undirected
"2450","8219",0.5759898,Undirected
"2450","6359",0.5949036,Undirected
"2450","0118",0.5534819,Undirected
"2450","8822",0.0114943,Undirected
"2450","4111",0.0123457,Undirected
"2450","8211",0.5747674,Undirected
"1211","7439",0.0098039,Undirected
"1211","6863",0.020915,Undirected
"1211","1212",0.6222433,Undirected
"1211","7415",0.0111111,Undirected
"1211","8996",0.0098039,Undirected
"1211","7919",0.0098039,Undirected
"1211","8743",0.0111111,Undirected
"1211","7491",0.0098039,Undirected
"1211","7722",0.0098039,Undirected
"1211","2652",0.0111111,Undirected
"1211","7169",0.0098039,Undirected
"6259","5982",0.0128205,Undirected
"6259","6252",0.5787192,Undirected
"7721","6841",0.0114943,Undirected
"7721","7849",0.5571429,Undirected
"7721","7723",0.5571429,Undirected
"5831","5834",0.557971,Undirected
"5831","5832",0.6086956,Undirected
"5831","2682",0.0144928,Undirected
"5831","2235",0.0144928,Undirected
"5922","0224",0.6209001,Undirected
"5922","0230",0.575,Undirected
"5922","6812",0.0166667,Undirected
"5139","2876",0.015873,Undirected
"0574","2714",0.015873,Undirected
"0574","8972",0.015873,Undirected
"0574","0575",0.5804284,Undirected
"8822","5332",0.6527778,Undirected
"8822","8441",0.0079365,Undirected
"8822","6641",0.5797619,Undirected
"8822","5827",0.6130952,Undirected
"8822","6821",0.0138889,Undirected
"8822","6115",0.0107527,Undirected
"8822","8432",0.0095238,Undirected
"8822","8424",0.0079365,Undirected
"8822","8744",0.5518519,Undirected
"8822","6612",0.0087719,Undirected
"8822","8421",0.009009,Undirected
"8822","2879",0.0128205,Undirected
"8822","8973",0.0111111,Undirected
"8922","6428",0.5543827,Undirected
"8922","6553",0.0175439,Undirected
"8922","6424",0.5841073,Undirected
"5914","2879",0.0133333,Undirected
"7441","7234",0.6153846,Undirected
"7441","2632",0.0144928,Undirected
"7441","8442",0.0098039,Undirected
"7441","6419",0.5750916,Undirected
"7441","7442",0.582906,Undirected
"4314","6118",0.0196078,Undirected
"4314","7239",0.0175439,Undirected
"8941","9410",0.0144928,Undirected
"6597","6749",0.0166667,Undirected
"6597","9310",0.0128205,Undirected
"7267","7493",0.5606061,Undirected
"7267","8748",0.5580808,Undirected
"7267","7234",0.5534188,Undirected
"7267","5989",0.5909091,Undirected
"7267","7452",0.6489899,Undirected
"7267","5836",0.6070319,Undirected
"7267","7263",0.5606061,Undirected
"7267","7436",0.5753968,Undirected
"7267","7741",0.6010101,Undirected
"7267","7429",0.6565657,Undirected
"7267","7439",0.6136752,Undirected
"7267","0611",0.0087719,Undirected
"7267","7213",0.5990676,Undirected
"7267","5163",0.6186869,Undirected
"7267","7269",0.7449495,Undirected
"7267","8429",0.0079365,Undirected
"7267","8744",0.6489899,Undirected
"7267","7368",0.6313131,Undirected
"7267","7284",0.5580808,Undirected
"7267","7423",0.5606061,Undirected
"7267","7416",0.5860528,Undirected
"7267","7412",0.6010101,Undirected
"3352","6545",0.0138889,Undirected
"2320","6744",0.0114943,Undirected
"2320","5542",0.0166667,Undirected
"2320","8731",0.0144928,Undirected
"2320","6733",0.0166667,Undirected
"2320","6731",0.0123457,Undirected
"2320","6911",0.0128205,Undirected
"2320","2820",0.0095238,Undirected
"2320","8830",0.0238095,Undirected
"6651","0019",0.0107527,Undirected
"6651","0583",0.5598098,Undirected
"6651","8211",0.5685948,Undirected
"6651","6671",0.0114943,Undirected
"7149","8451",0.0072464,Undirected
"7149","0914",0.0151515,Undirected
"7622","2631",0.0074074,Undirected
"7622","6842",0.0098039,Undirected
"7622","8946",0.0166667,Undirected
"7622","8994",0.6349207,Undirected
"7622","7628",0.5972222,Undirected
"7622","7512",0.6126984,Undirected
"7622","8811",0.5555556,Undirected
"7622","6931",0.0128205,Undirected
"2872","8424",0.0079365,Undirected
"2872","6998",0.0196078,Undirected
"2872","5413",0.0166667,Undirected
"3414","8452",0.0079365,Undirected
"3414","2929",0.0098039,Undirected
"5155","5621",0.010101,Undirected
"5155","8219",0.0119048,Undirected
"5155","6359",0.0119048,Undirected
"5155","2927",0.0133333,Undirected
"5155","8122",0.0098039,Undirected
"5155","3344",0.0072464,Undirected
"5155","6666",0.0166667,Undirected
"5155","6353",0.0104167,Undirected
"5155","7521",0.5888889,Undirected
"6999","8451",0.0075758,Undirected
"6999","0546",0.0104167,Undirected
"6999","6514",0.0144928,Undirected
"6999","0149",0.0144928,Undirected
"6999","0589",0.0092593,Undirected
"5417","5530",0.6063492,Undirected
"5417","6996",0.6502886,Undirected
"5417","5334",0.5888889,Undirected
"5417","5543",0.5952381,Undirected
"0585","7928",0.0092593,Undirected
"0585","7138",0.0098039,Undirected
"0585","0589",0.5849673,Undirected
"5913","0721",0.0166667,Undirected
"2690","0721",0.0151515,Undirected
"6113","2714",0.0123457,Undirected
"6113","6114",0.7274846,Undirected
"0129","3354",0.0133333,Undirected
"0129","2225",0.0119048,Undirected
"0129","6521",0.008547,Undirected
"0129","8462",0.0072464,Undirected
"2671","2114",0.0138889,Undirected
"3510","0711",0.009009,Undirected
"6997","8939",0.6339869,Undirected
"6997","2117",0.0133333,Undirected
"6997","6635",0.5929825,Undirected
"6997","0611",0.0087719,Undirected
"6997","7369",0.5529412,Undirected
"6997","7449",0.6152047,Undirected
"6997","8212",0.5676692,Undirected
"6997","6785",0.6212754,Undirected
"6997","6424",0.5742461,Undirected
"6997","5335",0.572549,Undirected
"6997","7868",0.7389706,Undirected
"6997","7259",0.5503268,Undirected
"6997","7849",0.572549,Undirected
"6997","7919",0.6339869,Undirected
"6997","6210",0.6350763,Undirected
"6997","8935",0.6509804,Undirected
"6997","6998",0.5882353,Undirected
"6997","7169",0.6379085,Undirected
"7758","6973",0.5520421,Undirected
"7758","7929",0.015873,Undirected
"7758","0814",0.015873,Undirected
"0548","5841",0.0098039,Undirected
"0548","2784",0.0098039,Undirected
"0548","2741",0.0098039,Undirected
"0548","2120",0.0098039,Undirected
"6415","2631",0.0081301,Undirected
"6415","6413",0.6171311,Undirected
"6415","6412",0.6458333,Undirected
"6415","6951",0.5577915,Undirected
"6415","2518",0.6508715,Undirected
"6415","7919",0.5625,Undirected
"6642","2472",0.0095238,Undirected
"6642","7492",0.5641026,Undirected
"6635","7188",0.5763158,Undirected
"6635","6343",0.5549062,Undirected
"6635","6911",0.600641,Undirected
"6635","7449",0.7047619,Undirected
"6635","6115",0.0114943,Undirected
"6635","6424",0.5596491,Undirected
"6635","6673",0.0128205,Undirected
"6635","7211",0.627193,Undirected
"6635","6785",0.5571429,Undirected
"6635","7868",0.6447368,Undirected
"6635","6996",0.5707792,Undirected
"6635","7861",0.5763158,Undirected
"6635","8212",0.6207792,Undirected
"6635","6422",0.5719697,Undirected
"6635","7169",0.5763158,Undirected
"7435","7452",0.5858586,Undirected
"7435","7423",0.6343434,Undirected
"7435","8462",0.0140491,Undirected
"7751","0711",0.0095238,Undirected
"0571","0572",0.6113307,Undirected
"0571","6872",0.0185185,Undirected
"0571","6359",0.0128205,Undirected
"0571","6674",0.0151515,Undirected
"0571","6649",0.0151515,Undirected
"2111","6960",0.010101,Undirected
"2111","2112",0.7266569,Undirected
"2111","0742",0.0083333,Undirected
"2111","7621",0.0083333,Undirected
"2111","2667",0.0184343,Undirected
"6122","2231",0.0151515,Undirected
"6515","7239",0.0175439,Undirected
"2231","8932",0.0133333,Undirected
"2231","2734",0.0123457,Undirected
"2231","6725",0.0123457,Undirected
"2231","1213",0.0138889,Undirected
"2231","0484",0.0111111,Undirected
"2231","5721",0.0144928,Undirected
"2231","8424",0.008547,Undirected
"2231","8812",0.0166667,Undirected
"2231","0730",0.0133333,Undirected
"2231","0612",0.010101,Undirected
"6727","6744",0.6317241,Undirected
"6727","6749",0.5541753,Undirected
"6727","6746",0.5962733,Undirected
"6727","7521",0.0144928,Undirected
"2225","4311",0.0123457,Undirected
"2225","6572",0.0119048,Undirected
"2225","8974",0.0123457,Undirected
"2225","2471",0.0119048,Undirected
"2225","7211",0.0119048,Undirected
"2225","6579",0.0119048,Undirected
"2225","7921",0.0119048,Undirected
"2225","7361",0.0123457,Undirected
"2225","2517",0.0119048,Undirected
"7252","2783",0.0151515,Undirected
"7252","0711",0.0095238,Undirected
"7252","2481",0.0175439,Undirected
"7252","6596",0.0151515,Undirected
"7252","6841",0.0111111,Undirected
"7252","5221",0.0138889,Undirected
"8429","8472",0.6014615,Undirected
"8429","8452",0.7238676,Undirected
"8429","6584",0.5848045,Undirected
"8429","7263",0.0079365,Undirected
"8429","8431",0.7399245,Undirected
"8429","3415",0.0079365,Undirected
"8429","8433",0.7854487,Undirected
"8429","8421",0.7062041,Undirected
"8429","0121",0.0081301,Undirected
"8429","8423",0.6479972,Undirected
"8429","8996",0.0081301,Undirected
"8429","8442",0.6752613,Undirected
"8429","8435",0.804607,Undirected
"8429","8451",0.7286373,Undirected
"8429","8441",0.7716931,Undirected
"8429","8439",0.7113599,Undirected
"8429","8465",0.6262679,Undirected
"8429","8459",0.7228571,Undirected
"8429","7131",0.0083333,Undirected
"8429","8432",0.6504743,Undirected
"8429","8424",0.6475029,Undirected
"8429","8463",0.7108669,Undirected
"8429","8462",0.6823425,Undirected
"8429","8434",0.7810008,Undirected
"8429","4234",0.0083333,Undirected
"8429","8443",0.6175281,Undirected
"7239","3353",0.0175439,Undirected
"7239","0721",0.015873,Undirected
"7239","8952",0.0175439,Undirected
"7239","6624",0.0175439,Undirected
"8983","8744",0.6276094,Undirected
"8983","7528",0.5555556,Undirected
"8983","7522",0.7121212,Undirected
"8983","8959",0.6216931,Undirected
"8983","8423",0.0057471,Undirected
"8983","5836",0.5566434,Undirected
"8983","5989",0.5707071,Undirected
"8983","5332",0.6401515,Undirected
"6343","6912",0.5541126,Undirected
"6343","6416",0.5920817,Undirected
"6343","6351",0.6300505,Undirected
"6343","6611",0.6192641,Undirected
"6343","6349",0.6004294,Undirected
"6343","6672",0.0151515,Undirected
"2516","2512",0.5515152,Undirected
"2516","8973",0.0111111,Undirected
"2919","5157",0.0107527,Undirected
"6353","8219",0.6221265,Undirected
"6353","6359",0.5733785,Undirected
"6353","6416",0.596367,Undirected
"6353","6342",0.5837952,Undirected
"6353","6341",0.5741902,Undirected
"6353","8211",0.6201765,Undirected
"5335","8939",0.5875,Undirected
"5335","5822",0.5865546,Undirected
"5335","7234",0.582906,Undirected
"5335","7868",0.5972222,Undirected
"5335","6632",0.7008547,Undirected
"5335","7283",0.589597,Undirected
"5335","7492",0.6307693,Undirected
"5335","6546",0.5600491,Undirected
"5335","7436",0.5920635,Undirected
"5335","7219",0.622619,Undirected
"5335","7449",0.5659148,Undirected
"5335","7212",0.557265,Undirected
"5335","6577",0.6319445,Undirected
"5335","5334",0.6008715,Undirected
"5335","0611",0.0087719,Undirected
"5335","6418",0.6855769,Undirected
"5335","6424",0.5927646,Undirected
"5335","6953",0.550463,Undirected
"5335","5837",0.582906,Undirected
"5335","6996",0.5715007,Undirected
"5335","5419",0.557265,Undirected
"5335","7413",0.5606838,Undirected
"5335","6992",0.5555556,Undirected
"5335","6210",0.589597,Undirected
"5335","8121",0.5655983,Undirected
"5335","6991",0.568254,Undirected
"5335","6572",0.5555556,Undirected
"5335","7259",0.5863248,Undirected
"5335","7442",0.5777778,Undirected
"5335","0142",0.5652778,Undirected
"5335","7368",0.5794872,Undirected
"2786","0721",0.0166667,Undirected
"4243","5231",0.015873,Undirected
"4243","6746",0.015873,Undirected
"4243","2879",0.0128205,Undirected
"4243","1124",0.0138889,Undirected
"2518","6413",0.6968811,Undirected
"2518","6553",0.0185185,Undirected
"2518","6411",0.649646,Undirected
"2518","2517",0.66939,Undirected
"6852","2731",0.0128205,Undirected
"6852","6521",0.0092593,Undirected
"3231","8973",0.0114943,Undirected
"2471","5323",0.015873,Undirected
"2471","5912",0.015873,Undirected
"2471","6613",0.0151515,Undirected
"2471","2666",0.0151515,Undirected
"2471","2482",0.5984849,Undirected
"7428","7429",0.6138306,Undirected
"7428","7493",0.6596737,Undirected
"7428","7849",0.6063492,Undirected
"7428","7492",0.551282,Undirected
"7428","7783",0.6419969,Undirected
"7428","9410",0.0144928,Undirected
"7428","6579",0.5557498,Undirected
"7428","6637",0.7253302,Undirected
"7428","7413",0.5683761,Undirected
"8211","8219",0.7164751,Undirected
"8211","6359",0.5628626,Undirected
"8211","6421",0.5513684,Undirected
"8211","6973",0.5862616,Undirected
"8211","6911",0.5636563,Undirected
"8211","6351",0.5632458,Undirected
"5842","0542",0.0128205,Undirected
"3342","7223",0.0098039,Undirected
"3342","3341",0.5973856,Undirected
"3342","3344",0.6202926,Undirected
"3342","3343",0.5724331,Undirected
"3342","2654",0.0095238,Undirected
"3342","2613",0.0098039,Undirected
"6354","4233",0.0119048,Undirected
"0141","7112",0.0175439,Undirected
"0141","6770",0.0133333,Undirected
"7373","7493",0.6643357,Undirected
"7373","5821",0.5662393,Undirected
"7373","7369",0.6340327,Undirected
"7373","7281",0.5734266,Undirected
"7373","7234",0.5790598,Undirected
"7373","6418",0.5940171,Undirected
"7373","7368",0.5885781,Undirected
"7373","0372",0.0128205,Undirected
"7373","7849",0.5825397,Undirected
"7373","7442",0.5641026,Undirected
"7373","0360",0.0064103,Undirected
"7373","7259",0.6037296,Undirected
"6289","7919",0.5872821,Undirected
"6289","6210",0.7224945,Undirected
"6289","3345",0.0175439,Undirected
"6289","7849",0.6474673,Undirected
"6760","7919",0.5513889,Undirected
"6760","7372",0.5604396,Undirected
"6760","7129",0.5733822,Undirected
"6760","6745",0.5518519,Undirected
"6760","1212",0.0133333,Undirected
"6673","6546",0.0138889,Undirected
"6673","6633",0.0138889,Undirected
"2733","2235",0.0196078,Undirected
"6512","2686",0.553391,Undirected
"6512","8821",0.0151515,Undirected
"2238","7521",0.0123457,Undirected
"7638","8811",0.7350168,Undirected
"7638","8982",0.5555556,Undirected
"7638","0583",0.009009,Undirected
"7638","7628",0.7090909,Undirected
"7638","7631",0.6571429,Undirected
"7638","7642",0.6602564,Undirected
"7638","0240",0.0151515,Undirected
"7638","8482",0.6186869,Undirected
"7638","7763",0.5670034,Undirected
"7638","7512",0.626936,Undirected
"7638","7621",0.6651127,Undirected
"7638","7524",0.5670034,Undirected
"7638","7525",0.6730769,Undirected
"7638","7722",0.639899,Undirected
"5821","7442",0.5606838,Undirected
"5821","0615",0.008547,Undirected
"5821","6632",0.6336997,Undirected
"5821","8443",0.0098039,Undirected
"4311","7212",0.5500722,Undirected
"4311","7868",0.5944445,Undirected
"5835","2924",0.0074074,Undirected
"5835","6861",0.0185185,Undirected
"8710","2472",0.0095238,Undirected
"8710","7763",0.5636364,Undirected
"8710","7722",0.639899,Undirected
"8710","7768",0.6242424,Undirected
"7929","8451",0.0072464,Undirected
"7929","0350",0.008547,Undirected
"7929","6517",0.0133333,Undirected
"7929","6116",0.009009,Undirected
"7929","8441",0.0074074,Undirected
"7929","8433",0.0077519,Undirected
"7929","6536",0.0175439,Undirected
"7929","7928",0.5555556,Undirected
"7929","7711",0.0128205,Undirected
"7929","2785",0.0166667,Undirected
"6951","0459",0.0166667,Undirected
"6951","5239",0.5550725,Undirected
"5621","5225",0.6094607,Undirected
"5621","8732",0.010101,Undirected
"2881","8471",0.0144928,Undirected
"2686","2687",0.6652047,Undirected
"2686","0721",0.0166667,Undirected
"6252","6251",0.5555555,Undirected
"6252","2713",0.0138889,Undirected
"6252","6638",0.5507246,Undirected
"2816","2815",0.6888889,Undirected
"2816","8960",0.0151515,Undirected
"7421","7284",0.5654762,Undirected
"8998","2925",0.0138889,Undirected
"6572","6932",0.0175439,Undirected
"6572","5823",0.568254,Undirected
"2683","8122",0.0098039,Undirected
"6664","9110",0.0151515,Undirected
"2876","6785",0.015873,Undirected
"2876","6611",0.0151515,Undirected
"2876","0980",0.0098039,Undirected
"0440","2926",0.0185185,Undirected
"2772","0611",0.0087719,Undirected
"6612","8422",0.5518519,Undirected
"7919","6632",0.5972222,Undirected
"7919","7868",0.6041667,Undirected
"7919","8935",0.5835785,Undirected
"7919","7449",0.5517961,Undirected
"7919","7119",0.5612745,Undirected
"7919","6546",0.5588235,Undirected
"7919","7369",0.5541667,Undirected
"7919","7849",0.6819444,Undirected
"7919","6782",0.5569531,Undirected
"7919","6793",0.5798504,Undirected
"7919","6418",0.5541667,Undirected
"7919","7915",0.5625817,Undirected
"7919","6424",0.5742461,Undirected
"7919","7371",0.5527778,Undirected
"7919","6210",0.6277233,Undirected
"7919","6991",0.5972222,Undirected
"7919","6745",0.6550926,Undirected
"7919","6785",0.5527709,Undirected
"7919","0142",0.575,Undirected
"5169","5416",0.6388889,Undirected
"5169","2117",0.0133333,Undirected
"5169","5419",0.5555555,Undirected
"5169","3232",0.0208333,Undirected
"5169","7741",0.5833333,Undirected
"0111","6553",0.0151515,Undirected
"7922","3341",0.0083333,Undirected
"2666","2667",0.7346405,Undirected
"7452","7429",0.6161616,Undirected
"7452","7416",0.5687646,Undirected
"7452","7412",0.5984849,Undirected
"7452","7436",0.6031746,Undirected
"7452","7219",0.555754,Undirected
"7452","6899",0.0144928,Undirected
"7452","8435",0.0079365,Undirected
"7452","7269",0.6792929,Undirected
"7452","7423",0.6700337,Undirected
"7452","7368",0.5934343,Undirected
"7187","0615",0.009009,Undirected
"8952","6254",0.6428571,Undirected
"8952","6532",0.5825397,Undirected
"0481","8481",0.0175439,Undirected
"6993","0572",0.0144928,Undirected
"6993","8989",0.5846154,Undirected
"6993","4236",0.015873,Undirected
"6993","2631",0.0081301,Undirected
"8928","3330",0.0133333,Undirected
"7263","5163",0.5518519,Undirected
"7263","7423",0.5518519,Undirected
"7263","6581",0.009009,Undirected
"7263","8435",0.0079365,Undirected
"8959","5332",0.5502646,Undirected
"8959","0611",0.0087719,Undirected
"6534","6516",0.6557576,Undirected
"6534","6536",0.6242424,Undirected
"6534","6531",0.6090909,Undirected
"6534","7148",0.0151515,Undirected
"6534","6560",0.5772727,Undirected
"6639","2117",0.0133333,Undirected
"7631","8811",0.625926,Undirected
"7631","6841",0.0114943,Undirected
"7631","7722",0.6090909,Undirected
"6542","0721",0.0166667,Undirected
"5146","2223",0.0166667,Undirected
"6411","5114",0.0185185,Undirected
"6411","8960",0.0111111,Undirected
"6411","2631",0.0074074,Undirected
"5223","0341",0.0072464,Undirected
"7722","7768",0.7313132,Undirected
"7722","7764",0.6868687,Undirected
"7722","7599",0.6097223,Undirected
"7722","7642",0.6068376,Undirected
"7722","7763",0.7313132,Undirected
"7722","8811",0.5787879,Undirected
"7722","7525",0.5961539,Undirected
"7722","8851",0.5580808,Undirected
"6812","8939",0.0208333,Undirected
"6812","2631",0.0074074,Undirected
"6812","0542",0.0114943,Undirected
"6812","0224",0.0144928,Undirected
"6812","8439",0.0065359,Undirected
"6812","6584",0.010101,Undirected
"6812","6251",0.0128205,Undirected
"6812","0619",0.0185185,Undirected
"0811","8472",0.0083333,Undirected
"6114","8744",0.0104167,Undirected
"5331","8441",0.0074074,Undirected
"2782","7524",0.0151515,Undirected
"2116","8947",0.0119048,Undirected
"2116","8994",0.0119048,Undirected
"2116","6978",0.0119048,Undirected
"2116","8482",0.0119048,Undirected
"2116","8989",0.0119048,Undirected
"2116","7723",0.0119048,Undirected
"8439","8452",0.6725073,Undirected
"8439","5841",0.0061728,Undirected
"8439","8431",0.6777376,Undirected
"8439","8472",0.5736724,Undirected
"8439","8433",0.7635007,Undirected
"8439","8421",0.6047065,Undirected
"8439","8423",0.821247,Undirected
"8439","8462",0.7269352,Undirected
"8439","5416",0.0070922,Undirected
"8439","8442",0.6269025,Undirected
"8439","8435",0.7440628,Undirected
"8439","8451",0.7388093,Undirected
"8439","8441",0.7515181,Undirected
"8439","8465",0.6977317,Undirected
"8439","8459",0.7922724,Undirected
"8439","8432",0.5942227,Undirected
"8439","8424",0.674346,Undirected
"8439","8463",0.7647831,Undirected
"8439","8434",0.7190083,Undirected
"8439","8443",0.5594879,Undirected
"7244","0350",0.008547,Undirected
"7244","7367",0.6316138,Undirected
"7524","7768",0.7306398,Undirected
"7524","7764",0.6186869,Undirected
"7524","7599",0.5875,Undirected
"7524","7522",0.5892256,Undirected
"7524","7763",0.6777778,Undirected
"7524","6584",0.010101,Undirected
"7524","7525",0.6239316,Undirected
"2871","5162",0.0185185,Undirected
"2871","9510",0.0175439,Undirected
"2871","8212",0.015873,Undirected
"2235","0460",0.0138889,Undirected
"2235","6417",0.0114943,Undirected
"2235","6413",0.0175439,Undirected
"2235","6342",0.0111111,Undirected
"2235","2882",0.0057471,Undirected
"2235","0819",0.0185185,Undirected
"7781","0343",0.0133333,Undirected
"7781","0611",0.0087719,Undirected
"0572","8484",0.0144928,Undirected
"0572","7243",0.0144928,Undirected
"7742","8748",0.5833333,Undirected
"7742","8422",0.0095238,Undirected
"7742","7284",0.5714286,Undirected
"7742","5163",0.6166667,Undirected
"7742","7138",0.625,Undirected
"7742","5332",0.5654762,Undirected
"7284","2924",0.0072464,Undirected
"7284","7451",0.7539682,Undirected
"7284","2472",0.0092593,Undirected
"7284","7251",0.6269841,Undirected
"7284","7412",0.5740741,Undirected
"0224","0240",0.5568268,Undirected
"0224","0230",0.6064073,Undirected
"0224","6531",0.0144928,Undirected
"8432","8451",0.5820786,Undirected
"8432","7643",0.0095238,Undirected
"8432","8472",0.6338624,Undirected
"8432","8749",0.0095238,Undirected
"8432","8441",0.550457,Undirected
"8432","8510",0.5705792,Undirected
"8432","8452",0.6076596,Undirected
"8432","8422",0.6325397,Undirected
"8432","8433",0.6897784,Undirected
"8432","8421",0.7593808,Undirected
"8432","8424",0.6516517,Undirected
"8432","8463",0.5580274,Undirected
"8432","6584",0.5591461,Undirected
"8432","8434",0.7557575,Undirected
"8432","8442",0.5913165,Undirected
"8432","8431",0.7699604,Undirected
"8432","8435",0.6666667,Undirected
"8424","8452",0.6419016,Undirected
"8424","6584",0.5938026,Undirected
"8424","2234",0.0079365,Undirected
"8424","7523",0.009009,Undirected
"8424","8463",0.6184953,Undirected
"8424","8431",0.7127669,Undirected
"8424","8472",0.5779304,Undirected
"8424","8433",0.6980931,Undirected
"8424","8421",0.7047817,Undirected
"8424","8423",0.5949669,Undirected
"8424","8462",0.5949423,Undirected
"8424","8435",0.6746032,Undirected
"8424","8451",0.5817492,Undirected
"8424","8441",0.6119769,Undirected
"8424","7522",0.0079365,Undirected
"8424","8465",0.6523809,Undirected
"8424","8459",0.595102,Undirected
"8424","8422",0.6878362,Undirected
"8424","7832",0.0079365,Undirected
"8424","8434",0.7451234,Undirected
"0544","2483",0.0077519,Undirected
"6536","6516",0.5638095,Undirected
"6536","6538",0.586501,Undirected
"6536","6531",0.5818713,Undirected
"6536","6573",0.5732213,Undirected
"6536","6532",0.5547028,Undirected
"2112","2440",0.0087719,Undirected
"2112","2820",0.5619081,Undirected
"2112","6330",0.0087719,Undirected
"7259","7493",0.5883839,Undirected
"7259","7842",0.6111111,Undirected
"7259","7212",0.5627705,Undirected
"7259","7234",0.5790598,Undirected
"7259","8442",0.0098039,Undirected
"7259","7412",0.5555556,Undirected
"8471","3330",0.0119048,Undirected
"8471","7821",0.0144928,Undirected
"6516","6531",0.6063492,Undirected
"6516","6522",0.565641,Undirected
"6516","6560",0.5530159,Undirected
"6516","7711",0.5676923,Undirected
"0721","3351",0.0166667,Undirected
"0721","6121",0.0166667,Undirected
"0721","5224",0.015873,Undirected
"0721","5222",0.015873,Undirected
"0721","6851",0.0166667,Undirected
"0721","0421",0.0166667,Undirected
"0721","7271",0.0166667,Undirected
"0721","5722",0.0166667,Undirected
"0721","5233",0.015873,Undirected
"0721","2687",0.015873,Undirected
"0721","5311",0.0166667,Undirected
"0721","6638",0.0151515,Undirected
"0721","2874",0.0166667,Undirected
"0721","8931",0.0114943,Undirected
"7853","6254",0.5622711,Undirected
"7853","2631",0.0079365,Undirected
"2222","8459",0.0068027,Undirected
"2222","6770",0.0133333,Undirected
"2222","8462",0.0068027,Undirected
"3221","8973",0.0111111,Undirected
"8481","6253",0.0175439,Undirected
"8481","2460",0.0185185,Undirected
"8481","6560",0.5748007,Undirected
"5841","8423",0.0055556,Undirected
"7912","0611",0.0087719,Undirected
"0015","6522",0.0128205,Undirected
"0015","0711",0.009009,Undirected
"6716","0913",0.0114943,Undirected
"8748","8744",0.5703704,Undirected
"8748","8742",0.6316138,Undirected
"8748","5827",0.5555556,Undirected
"8748","5163",0.6166667,Undirected
"8748","7138",0.5654762,Undirected
"8748","0615",0.0083333,Undirected
"8748","5332",0.5555556,Undirected
"2924","3415",0.0072464,Undirected
"2924","7783",0.0079365,Undirected
"2924","6880",0.0072464,Undirected
"2924","5836",0.0074074,Undirected
"2924","7451",0.0072464,Undirected
"2924","6253",0.0072464,Undirected
"2924","7412",0.0072464,Undirected
"5834","2860",0.0138889,Undirected
"2789","7764",0.0123457,Undirected
"2789","5843",0.0114943,Undirected
"7411","0711",0.0095238,Undirected
"2633","6553",0.0098039,Undirected
"2633","6513",0.5554809,Undirected
"7413","7429",0.5555555,Undirected
"7413","6991",0.5603175,Undirected
"7413","7439",0.6006105,Undirected
"7413","7492",0.6263736,Undirected
"7413","7372",0.5921856,Undirected
"7413","7212",0.5555556,Undirected
"7413","7783",0.5555555,Undirected
"7413","7368",0.6071429,Undirected
"7413","7224",0.5595238,Undirected
"7413","6940",0.5833333,Undirected
"7413","0711",0.0095238,Undirected
"7413","6632",0.5622711,Undirected
"7413","6637",0.5833333,Undirected
"7413","8939",0.5573413,Undirected
"7413","7493",0.5833333,Undirected
"7413","7369",0.6141636,Undirected
"5111","8994",0.0166667,Undirected
"6793","6553",0.0196078,Undirected
"6793","7849",0.5623065,Undirected
"6793","6998",0.5655315,Undirected
"0115","4113",0.5555555,Undirected
"0115","0116",0.5666667,Undirected
"0115","6513",0.0092593,Undirected
"7439","7429",0.6837607,Undirected
"7439","7372",0.5589744,Undirected
"7439","7188",0.5994582,Undirected
"7439","7492",0.5589744,Undirected
"7439","8939",0.555754,Undirected
"7439","7436",0.5841269,Undirected
"7439","7368",0.6102564,Undirected
"7439","7868",0.5736111,Undirected
"7439","7369",0.5846154,Undirected
"7439","7269",0.6358975,Undirected
"7439","7416",0.5623932,Undirected
"7915","8442",0.0098039,Undirected
"7915","2634",0.0151515,Undirected
"6424","6632",0.5556129,Undirected
"6424","8935",0.5536636,Undirected
"6424","7283",0.5623782,Undirected
"6424","6417",0.5661983,Undirected
"6424","6546",0.6112831,Undirected
"6424","7449",0.6360902,Undirected
"6424","6611",0.5605263,Undirected
"6424","5334",0.5567023,Undirected
"6424","0611",0.0087719,Undirected
"6424","6418",0.6112831,Undirected
"6424","7188",0.5927646,Undirected
"6424","6953",0.5597408,Undirected
"6424","6996",0.6192641,Undirected
"6424","6210",0.6299163,Undirected
"6424","6428",0.5554938,Undirected
"6424","7414",0.5577915,Undirected
"6424","6785",0.5605681,Undirected
"5852","0723",0.0196078,Undirected
"5825","0615",0.008547,Undirected
"7126","0711",0.009009,Undirected
"6210","8935",0.5958606,Undirected
"6210","7849",0.6058007,Undirected
"6210","5822",0.5861928,Undirected
"6210","7449",0.566792,Undirected
"6210","6611",0.5923445,Undirected
"6210","6571",0.6081155,Undirected
"6210","6546",0.5676743,Undirected
"6210","7868",0.5710784,Undirected
"6210","6633",0.5578704,Undirected
"6210","0711",0.009009,Undirected
"6210","6996",0.5541126,Undirected
"6210","6998",0.5699891,Undirected
"6210","6623",0.5687636,Undirected
"6210","6785",0.5861877,Undirected
"6210","6638",0.5659983,Undirected
"5839","7234",0.5534188,Undirected
"5839","6631",0.5961539,Undirected
"5839","7741",0.5916084,Undirected
"5839","5823",0.5794872,Undirected
"8744","7429",0.5762627,Undirected
"8744","5415",0.5636364,Undirected
"8744","5163",0.6,Undirected
"8744","7522",0.5707071,Undirected
"8744","7423",0.5518519,Undirected
"8744","5989",0.6787879,Undirected
"8744","8435",0.0079365,Undirected
"7649","7788",0.5972222,Undirected
"7649","7641",0.6289488,Undirected
"7649","2117",0.0133333,Undirected
"7649","7599",0.6299019,Undirected
"7649","7642",0.5514706,Undirected
"5982","0118",0.0114943,Undirected
"5982","0586",0.009009,Undirected
"5982","5824",0.5700337,Undirected
"5982","0371",0.0095238,Undirected
"5982","0360",0.0062893,Undirected
"0014","6115",0.0114943,Undirected
"7414","8939",0.5556129,Undirected
"7414","6996",0.5556998,Undirected
"7414","0741",0.0151515,Undirected
"7414","6953",0.5958033,Undirected
"2713","7611",0.0185185,Undirected
"2713","6281",0.0196078,Undirected
"2713","6924",0.0107527,Undirected
"2713","6532",0.0196078,Undirected
"2713","4312",0.0166667,Undirected
"2882","7851",0.0057471,Undirected
"2882","8942",0.0057471,Undirected
"2882","2640",0.0064103,Undirected
"2882","6871",0.0057471,Undirected
"2882","6553",0.0057471,Undirected
"2882","5723",0.0057471,Undirected
"2882","2820",0.5604087,Undirected
"2882","5620",0.0064103,Undirected
"2923","8741",0.0151515,Undirected
"6560","6522",0.5523077,Undirected
"6560","5623",0.0151515,Undirected
"6560","8947",0.5596491,Undirected
"0812","5723",0.0087719,Undirected
"6783","6911",0.5502137,Undirected
"6783","6428",0.5698006,Undirected
"2652","2119",0.0133333,Undirected
"6576","2117",0.0133333,Undirected
"0565","7144",0.0123457,Undirected
"0565","0546",0.595091,Undirected
"8939","7212",0.5571429,Undirected
"8939","6632",0.575,Undirected
"8939","7247",0.5922619,Undirected
"8939","7868",0.6041667,Undirected
"8939","8935",0.6744164,Undirected
"8939","6573",0.5652778,Undirected
"8939","7492",0.5555556,Undirected
"8939","6953",0.6388889,Undirected
"8939","6633",0.5502451,Undirected
"8939","7269",0.5765873,Undirected
"8939","6992",0.6001984,Undirected
"8939","6991",0.6670635,Undirected
"8939","7368",0.5809524,Undirected
"8939","6785",0.5703147,Undirected
"8939","0142",0.6071429,Undirected
"5832","5620",0.0151515,Undirected
"2742","0341",0.0072464,Undirected
"5414","6648",0.5641026,Undirected
"0579","0019",0.0062893,Undirected
"0579","7928",0.0062893,Undirected
"0579","0545",0.5597485,Undirected
"7431","7493",0.5644078,Undirected
"7431","2879",0.0128205,Undirected
"6532","6531",0.6296296,Undirected
"2119","6593",0.0133333,Undirected
"6618","9110",0.010101,Undirected
"6618","7763",0.010101,Undirected
"6645","2879",0.0128205,Undirected
"7436","7492",0.6318681,Undirected
"7436","7219",0.5603175,Undirected
"7436","7269",0.5992063,Undirected
"7436","8442",0.0098039,Undirected
"7449","6911",0.6000854,Undirected
"7449","7868",0.6677527,Undirected
"7449","7442",0.566792,Undirected
"7449","7169",0.6168755,Undirected
"7449","7188",0.7037176,Undirected
"7449","7119",0.5684628,Undirected
"7449","6546",0.5501253,Undirected
"7449","8212",0.5828207,Undirected
"7449","0611",0.0087719,Undirected
"7449","7283",0.5843359,Undirected
"7449","8932",0.5750197,Undirected
"7449","7211",0.5843359,Undirected
"7449","6996",0.6661616,Undirected
"7449","6428",0.5672839,Undirected
"7449","6745",0.5843359,Undirected
"7449","6785",0.6900585,Undirected
"7449","7861",0.5659148,Undirected
"6611","6351",0.5593435,Undirected
"6611","8932",0.5713834,Undirected
"8991","2223",0.0133333,Undirected
"7831","7821",0.5920635,Undirected
"7831","6672",0.0133333,Undirected
"7831","7810",0.6222222,Undirected
"7831","7849",0.5904762,Undirected
"6794","6973",0.6301713,Undirected
"6794","6911",0.5917949,Undirected
"6794","6652",0.5587879,Undirected
"6794","6785",0.5721212,Undirected
"6794","6253",0.0133333,Undirected
"6794","6422",0.550303,Undirected
"6794","8212",0.5625974,Undirected
"7621","8811",0.6697747,Undirected
"7621","7525",0.6773505,Undirected
"0616","5157",0.0138889,Undirected
"7761","0611",0.0087719,Undirected
"5154","5123",0.6178266,Undirected
"5154","5836",0.5687646,Undirected
"5154","9410",0.0144928,Undirected
"5154","5163",0.6186869,Undirected
"6973","6911",0.5995727,Undirected
"6973","8932",0.5646377,Undirected
"6973","7752",0.6010101,Undirected
"6973","8212",0.5678524,Undirected
"7144","2482",0.015873,Undirected
"7144","4313",0.0185185,Undirected
"8947","8484",0.6034858,Undirected
"2911","7268",0.0087719,Undirected
"2911","8742",0.0087719,Undirected
"2911","5843",0.0087719,Undirected
"5912","5323",0.5592949,Undirected
"6593","6592",0.6571429,Undirected
"2614","5629",0.0128205,Undirected
"0482","0752",0.0095238,Undirected
"6994","6991",0.5587302,Undirected
"6994","8743",0.6350427,Undirected
"6994","7783",0.5606061,Undirected
"6633","6991",0.589597,Undirected
"6633","0142",0.5514706,Undirected
"6633","6953",0.5532408,Undirected
"6633","6785",0.5501253,Undirected
"6633","7868",0.5699891,Undirected
"6633","8935",0.5599129,Undirected
"6623","6637",0.5819445,Undirected
"6623","8121",0.5801282,Undirected
"6623","9410",0.0144928,Undirected
"0422","6351",0.0138889,Undirected
"0422","0421",0.582906,Undirected
"2815","7162",0.0151515,Undirected
"6541","5225",0.0095238,Undirected
"6541","6644",0.015873,Undirected
"6541","6416",0.0114943,Undirected
"6594","9110",0.0128205,Undirected
"7211","7188",0.5517544,Undirected
"7211","6351",0.5719697,Undirected
"7211","6911",0.5995727,Undirected
"7211","6647",0.5859649,Undirected
"7211","7868",0.5526316,Undirected
"7211","6672",0.0128205,Undirected
"7211","8212",0.5813777,Undirected
"8510","6123",0.6745775,Undirected
"8510","2631",0.0079365,Undirected
"8510","8431",0.5703043,Undirected
"8510","8434",0.5605203,Undirected
"8510","8421",0.6263028,Undirected
"8982","2879",0.0133333,Undirected
"0011","0741",0.0151515,Undirected
"2440","6912",0.0151515,Undirected
"2440","6519",0.0114943,Undirected
"2440","6521",0.008547,Undirected
"2440","6129",0.0144928,Undirected
"2440","6330",0.6666667,Undirected
"5530","8921",0.6188726,Undirected
"5530","2879",0.0133333,Undirected
"5530","5543",0.5756614,Undirected
"6121","7492",0.5842491,Undirected
"6121","6632",0.6098901,Undirected
"5322","6253",0.0144928,Undirected
"7161","7783",0.5565656,Undirected
"7161","0611",0.0087719,Undirected
"7212","7429",0.5970418,Undirected
"7212","6991",0.5587302,Undirected
"7212","7492",0.5644078,Undirected
"7212","7493",0.5732323,Undirected
"7212","8121",0.5977564,Undirected
"7212","7368",0.5515873,Undirected
"7212","7868",0.5736111,Undirected
"7212","7269",0.5515873,Undirected
"7212","0142",0.6583334,Undirected
"7212","2879",0.0133333,Undirected
"7212","8935",0.5559578,Undirected
"7212","7849",0.5571429,Undirected
"5721","6974",0.0144928,Undirected
"7224","7234",0.5811966,Undirected
"7224","0342",0.0069444,Undirected
"7521","8451",0.0072464,Undirected
"7521","8452",0.0075758,Undirected
"7521","6349",0.0144928,Undirected
"7521","0360",0.0061728,Undirected
"7521","6513",0.0092593,Undirected
"6571","6538",0.5898148,Undirected
"6571","6991",0.5689815,Undirected
"6571","0142",0.5541667,Undirected
"6571","7492",0.5726852,Undirected
"6571","7499",0.6215342,Undirected
"6571","8935",0.5687636,Undirected
"6571","6632",0.5675926,Undirected
"6571","7868",0.5541667,Undirected
"6571","2879",0.0133333,Undirected
"2226","0711",0.009009,Undirected
"2226","1212",0.0123457,Undirected
"6589","6581",0.5530518,Undirected
"6589","7522",0.0114943,Undirected
"6589","4242",0.0114943,Undirected
"6589","6584",0.5707689,Undirected
"7283","7188",0.5721821,Undirected
"7283","7492",0.5502451,Undirected
"7283","6418",0.5710784,Undirected
"7283","0711",0.0095238,Undirected
"0577","0019",0.010101,Undirected
"0577","6891",0.010101,Undirected
"0577","5833",0.0111111,Undirected
"0577","7782",0.0111111,Undirected
"8994","1223",0.0208333,Undirected
"6342","6359",0.615873,Undirected
"6342","6416",0.5632458,Undirected
"6342","6349",0.5603175,Undirected
"6342","2482",0.5928572,Undirected
"6342","6341",0.6396073,Undirected
"6342","2483",0.5554264,Undirected
"7528","0615",0.008547,Undirected
"7528","7522",0.6944444,Undirected
"7528","7523",0.6444445,Undirected
"8310","2117",0.0133333,Undirected
"8421","6123",0.5971854,Undirected
"8421","8452",0.6267501,Undirected
"8421","6584",0.6064447,Undirected
"8421","8431",0.7843791,Undirected
"8421","8472",0.625926,Undirected
"8421","8433",0.7380052,Undirected
"8421","2519",0.009009,Undirected
"8421","8462",0.5831115,Undirected
"8421","8442",0.6083289,Undirected
"8421","8435",0.7417582,Undirected
"8421","8451",0.5693268,Undirected
"8421","8441",0.5953824,Undirected
"8421","5827",0.009009,Undirected
"8421","8465",0.5571429,Undirected
"8421","8459",0.567483,Undirected
"8421","8422",0.6852781,Undirected
"8421","8463",0.5903935,Undirected
"8421","8434",0.7630537,Undirected
"4244","4242",0.6730159,Undirected
"4244","0575",0.0151515,Undirected
"4244","1124",0.0138889,Undirected
"8462","8452",0.6878143,Undirected
"8462","5989",0.0068027,Undirected
"8462","8431",0.5903579,Undirected
"8462","8472",0.6103224,Undirected
"8462","8433",0.7027507,Undirected
"8462","8423",0.6997736,Undirected
"8462","8442",0.6461107,Undirected
"8462","8435",0.703638,Undirected
"8462","8451",0.7585034,Undirected
"8462","8441",0.7176871,Undirected
"8462","8465",0.6746525,Undirected
"8462","8459",0.8379592,Undirected
"8462","8463",0.7674457,Undirected
"8462","8434",0.6465543,Undirected
"8462","8443",0.5826678,Undirected
"5334","5837",0.61939,Undirected
"5334","6577",0.5627451,Undirected
"5334","2879",0.0128205,Undirected
"6712","8996",0.0175439,Undirected
"7429","7492",0.5790598,Undirected
"7429","7493",0.6065657,Undirected
"7429","7188",0.5643705,Undirected
"7429","7423",0.6373737,Undirected
"7429","0611",0.0087719,Undirected
"7429","7416",0.6247087,Undirected
"7429","7368",0.6035354,Undirected
"7429","7412",0.6676767,Undirected
"7429","7269",0.7055556,Undirected
"7429","7783",0.5707071,Undirected
"7429","6637",0.6373737,Undirected
"7429","7246",0.5762627,Undirected
"0452","8463",0.0070922,Undirected
"0452","2922",0.0119048,Undirected
"2482","6413",0.5627706,Undirected
"2482","6349",0.5859367,Undirected
"8924","3413",0.0175439,Undirected
"2877","0350",0.008547,Undirected
"8482","7628",0.5580808,Undirected
"8482","7642",0.5769231,Undirected
"6924","6428",0.5722458,Undirected
"6924","0484",0.590881,Undirected
"6924","8932",0.5751421,Undirected
"6924","6553",0.010101,Undirected
"6543","3413",0.0175439,Undirected
"7233","7933",0.0133333,Undirected
"7233","0545",0.0074074,Undirected
"7911","0711",0.0095238,Undirected
"6254","2631",0.0153439,Undirected
"5161","8443",0.0111111,Undirected
"7361","7245",0.568783,Undirected
"1124","0723",0.0138889,Undirected
"1124","2232",0.0138889,Undirected
"7372","7492",0.5641026,Undirected
"7372","7493",0.6013986,Undirected
"7372","7281",0.5710956,Undirected
"7372","0611",0.0087719,Undirected
"7372","6745",0.5703704,Undirected
"7372","7368",0.6068376,Undirected
"7372","7442",0.5606838,Undirected
"7372","7371",0.6105769,Undirected
"7372","7362",0.5714286,Undirected
"7372","7423",0.5664336,Undirected
"7372","6632",0.5732601,Undirected
"7372","6992",0.6416361,Undirected
"7372","6782",0.5557275,Undirected
"2927","6781",0.0133333,Undirected
"2927","0412",0.0133333,Undirected
"2927","5249",0.0133333,Undirected
"2927","6724",0.015873,Undirected
"2890","2659",0.0098039,Undirected
"7368","7493",0.6489899,Undirected
"7368","7234",0.5769231,Undirected
"7368","6637",0.6010101,Undirected
"7368","6940",0.6489899,Undirected
"7368","6632",0.5750916,Undirected
"7368","7281",0.6212121,Undirected
"7368","7492",0.5534188,Undirected
"7368","0813",0.0144928,Undirected
"7368","7369",0.6676379,Undirected
"7368","0611",0.0087719,Undirected
"7368","7269",0.6212121,Undirected
"7368","6992",0.5733822,Undirected
"7368","7246",0.5606061,Undirected
"7368","7913",0.5631313,Undirected
"2681","2682",0.5689815,Undirected
"2681","8993",0.0123457,Undirected
"2681","8465",0.0083333,Undirected
"8732","7783",0.5818182,Undirected
"6552","0711",0.0095238,Undirected
"7499","6991",0.5682589,Undirected
"7499","6632",0.5682589,Undirected
"7499","0711",0.009009,Undirected
"7499","7849",0.5795371,Undirected
"7499","7442",0.5761954,Undirected
"7499","7169",0.5519092,Undirected
"8811","8852",0.5925926,Undirected
"8811","0583",0.009009,Undirected
"8811","7628",0.5740741,Undirected
"8811","7642",0.5534188,Undirected
"8811","6996",0.015873,Undirected
"8811","7512",0.5703704,Undirected
"8811","7525",0.5961539,Undirected
"6931","6770",0.5662393,Undirected
"6666","1222",0.0175439,Undirected
"6666","0112",0.0166667,Undirected
"6513","7133",0.0092593,Undirected
"6513","6522",0.5766503,Undirected
"6513","6521",0.6047009,Undirected
"6912","6428",0.5554938,Undirected
"6912","6911",0.5739316,Undirected
"6912","8932",0.600527,Undirected
"6912","6996",0.6089466,Undirected
"6418","7492",0.551282,Undirected
"6418","5822",0.6204482,Undirected
"6418","7219",0.5863096,Undirected
"6418","6412",0.5929487,Undirected
"6418","6419",0.6039377,Undirected
"6418","5837",0.6233975,Undirected
"6418","0711",0.0185328,Undirected
"6418","6632",0.5721154,Undirected
"6418","6577",0.610119,Undirected
"6418","8935",0.5690988,Undirected
"6421","6428",0.6535409,Undirected
"6421","6911",0.5869963,Undirected
"6421","0730",0.5822711,Undirected
"6421","8931",0.6091954,Undirected
"6421","3330",0.0119048,Undirected
"8452","8451",0.7569013,Undirected
"8452","8472",0.6116883,Undirected
"8452","8441",0.7143098,Undirected
"8452","8463",0.7315682,Undirected
"8452","8431",0.6930103,Undirected
"8452","8433",0.7731742,Undirected
"8452","8459",0.7302041,Undirected
"8452","8465",0.6033189,Undirected
"8452","8423",0.6126437,Undirected
"8452","8434",0.771513,Undirected
"8452","8442",0.6188136,Undirected
"8452","8435",0.7603785,Undirected
"8452","8443",0.5719258,Undirected
"6419","0711",0.018018,Undirected
"8935","6538",0.5656947,Undirected
"8935","6991",0.6087769,Undirected
"8935","8121",0.5851244,Undirected
"8935","0142",0.5826735,Undirected
"8935","7492",0.5559578,Undirected
"8935","7247",0.5598739,Undirected
"8935","7868",0.5919118,Undirected
"8935","7849",0.6129785,Undirected
"8935","6648",0.6516843,Undirected
"8935","2879",0.0133333,Undirected
"8931","3330",0.0114943,Undirected
"8931","6553",0.0114943,Undirected
"5312","2472",0.0092593,Undirected
"9000","6553",0.0095238,Undirected
"3224","0611",0.0087719,Undirected
"0350","7768",0.008547,Undirected
"0350","7762",0.008547,Undirected
"0350","7784",0.008547,Undirected
"5620","5239",0.0144928,Undirected
"5620","6344",0.6666667,Undirected
"6725","8999",0.0123457,Undirected
"6770","6744",0.582069,Undirected
"6770","6732",0.6591711,Undirected
"6770","6733",0.6024243,Undirected
"6770","6911",0.572906,Undirected
"6770","6351",0.5533333,Undirected
"6770","6731",0.6434568,Undirected
"8997","6253",0.0119048,Undirected
"3415","6123",0.0111111,Undirected
"3415","8465",0.0079365,Undirected
"3415","8463",0.0070922,Undirected
"3415","8423",0.0055556,Undirected
"3415","8212",0.0151515,Undirected
"6731","6732",0.673545,Undirected
"6731","6733",0.5802469,Undirected
"7712","2879",0.0128205,Undirected
"2651","0711",0.009009,Undirected
"6573","6539",0.6142857,Undirected
"6573","0711",0.009009,Undirected
"2879","8921",0.0128205,Undirected
"2879","0722",0.0128205,Undirected
"2879","7612",0.0128205,Undirected
"0913","0142",0.5652778,Undirected
"7923","6115",0.0111111,Undirected
"8951","2631",0.0155375,Undirected
"8441","5514",0.0075758,Undirected
"8441","8431",0.6264069,Undirected
"8441","8472",0.603848,Undirected
"8441","8433",0.7332612,Undirected
"8441","8423",0.7053291,Undirected
"8441","8442",0.7112073,Undirected
"8441","8435",0.7334296,Undirected
"8441","8451",0.778034,Undirected
"8441","8465",0.5959115,Undirected
"8441","8459",0.7431293,Undirected
"8441","8463",0.7594259,Undirected
"8441","8434",0.7029341,Undirected
"8441","8443",0.6036556,Undirected
"5137","3330",0.0252381,Undirected
"6521","7648",0.008547,Undirected
"6521","5983",0.008547,Undirected
"8459","0019",0.0068027,Undirected
"8459","7493",0.0066667,Undirected
"8459","8431",0.6010884,Undirected
"8459","8472",0.6146939,Undirected
"8459","8433",0.7095238,Undirected
"8459","8423",0.7295716,Undirected
"8459","8442",0.6552381,Undirected
"8459","8435",0.729932,Undirected
"8459","8451",0.7839456,Undirected
"8459","8465",0.6555102,Undirected
"8459","2814",0.0066667,Undirected
"8459","8463",0.797551,Undirected
"8459","2860",0.0068027,Undirected
"8459","8434",0.6621768,Undirected
"8459","8443",0.587483,Undirected
"7269","7492",0.5534188,Undirected
"7269","7412",0.6222222,Undirected
"7269","7213",0.558275,Undirected
"7269","7741",0.5611111,Undirected
"7269","0615",0.0083333,Undirected
"7269","5419",0.6071429,Undirected
"7269","7423",0.6090909,Undirected
"7269","6579",0.6010101,Undirected
"6637","7493",0.6040404,Undirected
"6637","7849",0.5809524,Undirected
"6637","7492",0.5769231,Undirected
"6637","7783",0.6590909,Undirected
"6637","6579",0.5555555,Undirected
"6637","8442",0.0098039,Undirected
"6591","0711",0.009009,Undirected
"6582","3330",0.0133333,Undirected
"6545","8422",0.0095238,Undirected
"6647","6413",0.5614035,Undirected
"6647","6553",0.0175439,Undirected
"6647","7219",0.5752208,Undirected
"7762","2820",0.008547,Undirected
"7762","6428",0.0123457,Undirected
"7754","0342",0.0077519,Undirected
"5411","0711",0.0095238,Undirected
"5411","5163",0.575,Undirected
"5225","7591",0.0095238,Undirected
"5225","7518",0.0095238,Undirected
"0412","0411",0.5622711,Undirected
"0412","0430",0.5739349,Undirected
"5121","2655",0.0107527,Undirected
"7518","7591",0.718254,Undirected
"6115","6116",0.5530518,Undirected
"6115","6713",0.0111111,Undirected
"7247","6538",0.5661376,Undirected
"7247","9410",0.0144928,Undirected
"0711","7129",0.009009,Undirected
"0711","7163",0.0095238,Undirected
"0711","5921",0.018018,Undirected
"0711","1121",0.0095238,Undirected
"0711","7219",0.0095238,Undirected
"0711","6544",0.009009,Undirected
"0711","0430",0.009009,Undirected
"0711","0230",0.009009,Undirected
"0711","6352",0.009009,Undirected
"0711","4235",0.0095238,Undirected
"0711","7822",0.009009,Undirected
"0711","7434",0.0095238,Undirected
"0711","1122",0.009009,Undirected
"0711","5837",0.0095238,Undirected
"0711","7272",0.0095238,Undirected
"0711","0142",0.0095238,Undirected
"0711","0411",0.0095238,Undirected
"7525","2631",0.0081301,Undirected
"7525","7764",0.5683761,Undirected
"7525","7599",0.6305556,Undirected
"7525","7642",0.5641026,Undirected
"8743","7783",0.5683761,Undirected
"8743","7492",0.551282,Undirected
"7643","8749",0.5557498,Undirected
"6417","6428",0.6130269,Undirected
"6417","8122",0.6393269,Undirected
"6417","6842",0.5885733,Undirected
"6417","0484",0.6291188,Undirected
"6417","8932",0.6121754,Undirected
"4239","0741",0.0151515,Undirected
"7219","7442",0.5875,Undirected
"8431","6123",0.5597943,Undirected
"8431","6584",0.5672122,Undirected
"8431","8472",0.6112501,Undirected
"8431","8433",0.8092672,Undirected
"8431","8423",0.5849181,Undirected
"8431","8442",0.5957022,Undirected
"8431","8435",0.7703475,Undirected
"8431","8451",0.6455392,Undirected
"8431","8465",0.6260647,Undirected
"8431","8422",0.6991522,Undirected
"8431","8463",0.6301603,Undirected
"8431","8434",0.8820096,Undirected
"0573","6732",0.0111111,Undirected
"0573","5112",0.0185185,Undirected
"7753","2483",0.0083333,Undirected
"7924","8451",0.0072464,Undirected
"7924","1110",0.0107527,Undirected
"6911","7868",0.5873077,Undirected
"6911","8212",0.5862393,Undirected
"6911","6744",0.5954023,Undirected
"6911","6842",0.5571536,Undirected
"6911","0730",0.5928205,Undirected
"6911","8932",0.6584616,Undirected
"6911","6996",0.5590171,Undirected
"6911","6428",0.6068519,Undirected
"6911","6351",0.6139743,Undirected
"6911","6785",0.5600855,Undirected
"3354","2926",0.0144928,Undirected
"8851","2224",0.0133333,Undirected
"8851","2631",0.0081301,Undirected
"7842","6632",0.6483517,Undirected
"7842","2631",0.0074074,Undirected
"7842","6412",0.5769231,Undirected
"7842","7849",0.6301587,Undirected
"7842","7442",0.5606838,Undirected
"6842","6428",0.5546737,Undirected
"6842","7511",0.0098039,Undirected
"0252","3330",0.0133333,Undirected
"0451","8443",0.0104167,Undirected
"7371","7188",0.5536636,Undirected
"7371","2114",0.0138889,Undirected
"7371","6745",0.5787037,Undirected
"7371","7362",0.6130952,Undirected
"8842","0360",0.0062893,Undirected
"8842","0564",0.0208333,Undirected
"8842","9310",0.0107527,Undirected
"8720","2472",0.0095238,Undirected
"6351","6359",0.5613554,Undirected
"6351","0611",0.0087719,Undirected
"6351","6416",0.5929332,Undirected
"6351","2221",0.0138889,Undirected
"6351","8932",0.5840096,Undirected
"5849","8435",0.0079365,Undirected
"2685","7188",0.0175439,Undirected
"7591","0360",0.0064103,Undirected
"7591","2483",0.0077519,Undirected
"2820","2659",0.0095238,Undirected
"2820","6344",0.008547,Undirected
"2820","0483",0.009009,Undirected
"3330","2511",0.0133333,Undirected
"3330","0582",0.0133333,Undirected
"3330","7852",0.0119048,Undirected
"3330","5824",0.0133333,Undirected
"3330","6549",0.0133333,Undirected
"6282","0611",0.0087719,Undirected
"6538","6899",0.0144928,Undirected
"6658","7129",0.5971917,Undirected
"1110","0484",0.5660116,Undirected
"7442","6991",0.5555556,Undirected
"7442","7188",0.6390609,Undirected
"7442","7492",0.6307693,Undirected
"7442","7849",0.6,Undirected
"7442","6632",0.615873,Undirected
"7442","8443",0.0104167,Undirected
"5162","5123",0.6636905,Undirected
"0116","4113",0.5865079,Undirected
"0116","8433",0.0079365,Undirected
"7914","0611",0.0087719,Undirected
"5824","7493",0.5670034,Undirected
"5824","5822",0.5812325,Undirected
"6940","7493",0.6277778,Undirected
"6940","7281",0.6333333,Undirected
"6940","0341",0.0070922,Undirected
"6940","7369",0.5860528,Undirected
"7362","0611",0.0087719,Undirected
"1121","7641",0.0175439,Undirected
"9610","2631",0.0074074,Undirected
"8212","7868",0.5828207,Undirected
"8212","7861",0.5501253,Undirected
"8212","7169",0.5517961,Undirected
"7821","7810",0.5920635,Undirected
"7821","7849",0.5571429,Undirected
"0240","0730",0.5611112,Undirected
"6672","6822",0.0133333,Undirected
"6672","6112",0.0133333,Undirected
"6672","6412",0.0151515,Undirected
"5983","5123",0.5699634,Undirected
"7849","7493",0.6063492,Undirected
"7849","6632",0.5793651,Undirected
"7849","0741",0.0151515,Undirected
"7849","7369",0.5571429,Undirected
"7849","6782",0.5682589,Undirected
"7849","7492",0.6015873,Undirected
"7849","6992",0.568254,Undirected
"7849","6991",0.6492063,Undirected
"7849","7810",0.6809524,Undirected
"7849","7783",0.6047619,Undirected
"2655","3344",0.0072464,Undirected
"2655","0541",0.0133333,Undirected
"6577","0611",0.0087719,Undirected
"6577","5837",0.5809524,Undirected
"6577","6632",0.5714286,Undirected
"6782","9410",0.0144928,Undirected
"8451","5123",0.0075758,Undirected
"8451","8472",0.6148441,Undirected
"8451","8433",0.7124035,Undirected
"8451","8423",0.6824103,Undirected
"8451","8442",0.6903664,Undirected
"8451","8435",0.7044671,Undirected
"8451","8465",0.6220591,Undirected
"8451","8463",0.8163958,Undirected
"8451","8434",0.697252,Undirected
"8451","8443",0.5851998,Undirected
"5415","0615",0.0083333,Undirected
"5415","5989",0.6878788,Undirected
"8219","6359",0.6314693,Undirected
"8219","8932",0.5719151,Undirected
"7492","7493",0.551282,Undirected
"7492","6632",0.6501831,Undirected
"7492","7188",0.5602425,Undirected
"7492","5419",0.5750916,Undirected
"7492","6579",0.6068376,Undirected
"7492","7281",0.5534188,Undirected
"7492","6991",0.6730159,Undirected
"7492","7783",0.6581197,Undirected
"7492","3345",0.0175439,Undirected
"7492","7423",0.5811966,Undirected
"7492","0142",0.5597222,Undirected
"4232","8443",0.0098039,Undirected
"5413","3222",0.0166667,Undirected
"6953","6991",0.5712963,Undirected
"6953","6821",0.015873,Undirected
"6953","6975",0.5707603,Undirected
"6953","6632",0.550463,Undirected
"6953","6992",0.550463,Undirected
"6953","6996",0.5866522,Undirected
"6953","0142",0.5541667,Undirected
"6581","8434",0.5594615,Undirected
"8841","6584",0.0114943,Undirected
"6514","2672",0.5527009,Undirected
"6732","0019",0.0111111,Undirected
"6732","6744",0.5752205,Undirected
"6732","1221",0.0111111,Undirected
"6745","6744",0.5935632,Undirected
"6745","7188",0.5643275,Undirected
"6745","7169",0.5518519,Undirected
"6745","6733",0.5833333,Undirected
"6745","6749",0.5722222,Undirected
"6745","7119",0.6180556,Undirected
"6745","6746",0.6869674,Undirected
"6745","8973",0.0111111,Undirected
"9110","0341",0.0070922,Undirected
"9110","0583",0.009009,Undirected
"9110","2332",0.0166667,Undirected
"0615","5122",0.0168803,Undirected
"0615","8821",0.0083333,Undirected
"0615","5419",0.0083333,Undirected
"2874","2875",0.6157408,Undirected
"6422","0730",0.5622222,Undirected
"6422","8932",0.6217172,Undirected
"6422","0611",0.0087719,Undirected
"6899","5823",0.015873,Undirected
"0019","3341",0.0083333,Undirected
"0019","0342",0.0075758,Undirected
"0019","2239",0.0185185,Undirected
"0019","0545",0.0074074,Undirected
"0019","5113",0.0175439,Undirected
"5911","6553",0.0133333,Undirected
"8946","6733",0.5666667,Undirected
"0583","8122",0.5505505,Undirected
"0583","0484",0.5508008,Undirected
"7111","0611",0.0175439,Undirected
"6592","9710",0.0144928,Undirected
"6632","7234",0.6501831,Undirected
"6632","0611",0.0087719,Undirected
"6632","6546",0.5808824,Undirected
"6632","6991",0.6523809,Undirected
"6632","7810",0.568254,Undirected
"6632","6412",0.6442308,Undirected
"5543","6996",0.6003608,Undirected
"5543","2640",0.015873,Undirected
"7169","7129",0.562963,Undirected
"7169","7868",0.6342593,Undirected
"7169","7119",0.6485566,Undirected
"7169","7369",0.562963,Undirected
"7169","7861",0.5692983,Undirected
"6595","0611",0.0087719,Undirected
"2331","8443",0.0104167,Undirected
"6413","2517",0.5644995,Undirected
"7757","3341",0.0098039,Undirected
"7248","0611",0.0087719,Undirected
"8442","0459",0.010101,Undirected
"8442","8472",0.6421958,Undirected
"8442","8433",0.6429067,Undirected
"8442","8423",0.5790491,Undirected
"8442","8435",0.7173382,Undirected
"8442","0113",0.0092593,Undirected
"8442","8465",0.5904762,Undirected
"8442","8463",0.6966825,Undirected
"8442","7423",0.0098039,Undirected
"8442","8434",0.6614496,Undirected
"8442","8443",0.7372252,Undirected
"8435","7245",0.008547,Undirected
"8435","6584",0.5836386,Undirected
"8435","8472",0.6124848,Undirected
"8435","8433",0.8648408,Undirected
"8435","8423",0.6356844,Undirected
"8435","8465",0.7293651,Undirected
"8435","8422",0.5579976,Undirected
"8435","8463",0.7179591,Undirected
"8435","8434",0.8366687,Undirected
"8435","8443",0.6422467,Undirected
"2672","4245",0.015873,Undirected
"7162","2631",0.0079365,Undirected
"6116","5623",0.009009,Undirected
"0488","0741",0.0151515,Undirected
"7788","7641",0.5503813,Undirected
"7788","7599",0.6301743,Undirected
"7788","2114",0.0138889,Undirected
"7788","7723",0.6092048,Undirected
"7213","0611",0.0087719,Undirected
"0712","8484",0.0128205,Undirected
"0712","8483",0.0128205,Undirected
"7522","7768",0.6195287,Undirected
"7522","5989",0.5639731,Undirected
"7522","7523",0.7068182,Undirected
"0576","2472",0.0104167,Undirected
"0576","0470",0.0166667,Undirected
"8981","2925",0.0138889,Undirected
"8981","8989",0.5557498,Undirected
"8981","0611",0.0087719,Undirected
"7810","2631",0.0079365,Undirected
"7810","5629",0.0128205,Undirected
"8122","8422",0.6037037,Undirected
"8122","5163",0.0098039,Undirected
"5541","8821",0.0104167,Undirected
"5232","2640",0.0144928,Undirected
"8422","6123",0.5566138,Undirected
"8422","8472",0.5814815,Undirected
"8422","8433",0.5871395,Undirected
"8422","8434",0.6355836,Undirected
"8422","6253",0.0092593,Undirected
"0546","0586",0.569807,Undirected
"8463","8472",0.6282387,Undirected
"8463","8433",0.7333356,Undirected
"8463","8423",0.7166318,Undirected
"8463","5332",0.0070922,Undirected
"8463","8465",0.6730218,Undirected
"8463","8434",0.6966825,Undirected
"8463","8443",0.6013289,Undirected
"4245","0980",0.0098039,Undirected
"4245","2631",0.0079365,Undirected
"6341","6553",0.010101,Undirected
"6341","2483",0.5881783,Undirected
"6975","8932",0.5587088,Undirected
"6975","6996",0.5692641,Undirected
"6975","0611",0.0087719,Undirected
"3223","0611",0.0087719,Undirected
"7234","7493",0.5555556,Undirected
"7234","2114",0.0138889,Undirected
"7234","6412",0.5769231,Undirected
"7234","7412",0.5534188,Undirected
"0620","0484",0.5505747,Undirected
"0620","2640",0.0111111,Undirected
"8993","2873",0.0138889,Undirected
"3344","6511",0.0072464,Undirected
"3344","3341",0.5733293,Undirected
"3344","7928",0.0072464,Undirected
"3344","8852",0.0081301,Undirected
"7251","0342",0.0075758,Undirected
"0342","0341",0.5535127,Undirected
"0342","6553",0.0069444,Undirected
"0342","0360",0.6352605,Undirected
"6553","5513",0.0092593,Undirected
"6553","7861",0.0166667,Undirected
"7369","7493",0.6643357,Undirected
"7369","7281",0.6293706,Undirected
"7369","7868",0.5527778,Undirected
"7369","0360",0.0062893,Undirected
"1221","6648",0.0222222,Undirected
"0751","8741",0.0144928,Undirected
"0611","5822",0.0087719,Undirected
"0611","7119",0.0087719,Undirected
"0611","5156",0.0087719,Undirected
"0611","6991",0.0087719,Undirected
"0611","7913",0.0087719,Undirected
"0611","7416",0.0087719,Undirected
"5827","6253",0.5809524,Undirected
"5827","5332",0.7539682,Undirected
"6821","7512",0.0138889,Undirected
"7188","2114",0.0138889,Undirected
"7188","7868",0.5798504,Undirected
"7188","6785",0.5781119,Undirected
"8932","6785",0.55805,Undirected
"8932","7868",0.55805,Undirected
"8932","6996",0.6288537,Undirected
"8932","0730",0.63,Undirected
"8932","0484",0.5846743,Undirected
"5837","5822",0.6008403,Undirected
"5837","6412",0.5977564,Undirected
"5837","8121",0.5721154,Undirected
"5989","5163",0.6343434,Undirected
"5989","5147",0.5757576,Undirected
"8742","5332",0.5767196,Undirected
"6749","6746",0.635213,Undirected
"6785","6996",0.6502886,Undirected
"6785","7868",0.6390978,Undirected
"7423","7412",0.6166667,Undirected
"0742","8423",0.0057471,Undirected
"0752","4113",0.009009,Undirected
"8821","0341",0.0072464,Undirected
"8821","8423",0.0055556,Undirected
"8821","0360",0.0061728,Undirected
"5239","6744",0.5705747,Undirected
"5239","6746",0.5620804,Undirected
"7268","7246",0.6818182,Undirected
"6584","8433",0.5637081,Undirected
"6584","8434",0.5838518,Undirected
"6746","6744",0.6468965,Undirected
"6746","6733",0.5571429,Undirected
"8121","2221",0.0175439,Undirected
"8121","7868",0.6166667,Undirected
"8121","6648",0.551282,Undirected
"8121","0142",0.6168804,Undirected
"2483","7246",0.0077519,Undirected
"2483","2472",0.6186047,Undirected
"2483","5147",0.0155039,Undirected
"7763","7768",0.8053872,Undirected
"7763","7764",0.7373738,Undirected
"7512","7628",0.625926,Undirected
"5416","7741",0.5555555,Undirected
"2512","2631",0.0074074,Undirected
"0013","2631",0.0081301,Undirected
"0484","6428",0.5842912,Undirected
"0484","0730",0.5954023,Undirected
"7599","7641",0.5861111,Undirected
"7599","7768",0.5875,Undirected
"7599","2114",0.0138889,Undirected
"7599","7764",0.675,Undirected
"7599","7723",0.5736111,Undirected
"6996","5542",0.5925811,Undirected
"6996","7868",0.5549062,Undirected
"6996","6428",0.5657408,Undirected
"7246","7367",0.5681818,Undirected
"6991","6992",0.568254,Undirected
"6991","0142",0.6240079,Undirected
"7768","7764",0.7070707,Undirected
"6416","6349",0.5644274,Undirected
"7783","7493",0.6121212,Undirected
"7642","2114",0.0138889,Undirected
"7642","7628",0.6068376,Undirected
"0360","6641",0.0064103,Undirected
"0360","7367",0.0064103,Undirected
"6123","8434",0.5671747,Undirected
"2631","5138",0.0160666,Undirected
"2631","7868",0.0074074,Undirected
"2631","6423",0.0081301,Undirected
"2631","8813",0.0079365,Undirected
"2631","7628",0.0081301,Undirected
"7841","3341",0.0098039,Undirected
"0541","3413",0.0133333,Undirected
"7281","7493",0.6484848,Undirected
"7281","0341",0.0075758,Undirected
"6539","9410",0.0144928,Undirected
"5823","6631",0.582906,Undirected
"5823","5138",0.6507937,Undirected
"5843","7451",0.6031746,Undirected
"0730","6428",0.5861728,Undirected
"7493","8989",0.5794872,Undirected
"0723","0722",0.5600491,Undirected
"7129","7119",0.6213235,Undirected
"0223","8443",0.0098039,Undirected
"7119","7112",0.6312565,Undirected
"6631","9410",0.0144928,Undirected
"6992","3345",0.0151515,Undirected
"6992","7913",0.5697192,Undirected
"7264","8423",0.0055556,Undirected
"8434","8472",0.6437137,Undirected
"8434","8433",0.8650253,Undirected
"8434","8423",0.636381,Undirected
"8434","8465",0.6830043,Undirected
"8434","8443",0.5594615,Undirected
"8443","8472",0.5694444,Undirected
"8443","8433",0.5954722,Undirected
"7245","7367",0.6157408,Undirected
"8472","8465",0.606746,Undirected
"8472","8433",0.6357265,Undirected
"8433","7741",0.0077519,Undirected
"8433","8423",0.6706026,Undirected
"8433","8465",0.6901656,Undirected
"8423","8465",0.5896552,Undirected
